,0,1
0,10.0,10.0
1,10.0,9.857229884465536
2,7.729234485455772,9.183667273171205
3,6.717255873358878,9.137185148205527
4,5.875002814844243,9.747978870239523
5,5.475570353539661,10.244059130901427
6,5.385649316565613,11.296589956839988
7,5.423128786159615,12.450012955360735
8,5.559613005496795,13.97718741764551
9,5.774863789885512,15.45267010502743
10,5.928497042331171,16.753924401732515
11,6.189662650572666,17.725731082677306
12,6.545468746451321,18.468025894020442
13,6.763942857715018,19.57542045096047
14,7.022148817307062,20.58036928948579
15,7.514987555377285,21.32572194819959
16,7.821181514903065,22.12762484579029
17,8.090390227867779,22.8403398637905
18,8.274751180498761,23.305162151830174
19,8.472928140418444,23.82127746281249
20,8.68781002042386,24.47193122791314
21,8.88832390029547,25.63571426539291
22,9.092375272967463,26.15544108206642
23,9.255597427439122,26.64105149189194
24,9.38440307375769,26.878333412872927
25,9.654714939125894,27.004181617974155
26,9.800438203716865,27.022316039378428
27,9.982501101416926,26.94273282545102
28,10.203229334138058,26.865788150548106
29,10.288286826161874,26.510170264346154
30,10.349305975542197,26.023449031247754
31,10.403688275315998,25.51232275470366
32,10.466431951907744,25.221314515665433
33,10.55967138560937,24.58212533638829
34,10.60055241208796,24.02809092347327
35,10.607156607743054,23.34756424052983
36,10.575819291475234,22.663469638402642
37,10.452021199126431,22.018610419063716
38,10.286194504517523,21.424553770919708
39,10.024070925521631,20.799303144557793
40,9.795404127781728,20.129258994536222
41,9.47560038090992,19.442518816723087
42,9.192542224637016,18.74062305817257
43,8.93652927562265,18.040636531963692
44,8.802367136724365,17.36649762073546
45,8.571429464971777,16.708742874642112
46,8.483298807535395,16.04286252148839
47,8.256938165469196,15.375508947571614
48,7.994706930857202,14.713472323443801
49,7.719416499017058,14.058331552530449
50,7.434642661755003,13.42899750860641
51,7.335585283459487,12.8221616509689
52,7.237672430548077,12.229890538265568
53,7.168689016374556,11.646362160997953
54,6.905858608469324,11.071048773481737
55,6.6216678261098485,10.507891571716243
56,6.441931960858475,10.426220435215743
57,6.163954678632638,9.892960105228024
58,5.870991854893879,9.376033081134528
59,5.575266988257467,8.871427680599426
60,5.2765988775457044,8.374219041740854
61,4.974215371648898,7.88396130862793
62,4.67163996704038,7.407567253624118
63,4.3594364062564726,6.9431640453205565
64,4.032647172200745,6.493239762710016
65,3.7067038412541944,6.051333894296717
66,3.3911572726362036,5.622970591667015
67,3.1630450383652016,5.202245088920245
68,2.8603239468096,4.7888693635949044
69,2.553716464783637,4.384398588946567
70,2.2478509904646775,3.987387040525584
71,1.94334744471434,3.597779026212178
72,1.6389995667056696,3.215968066368868
73,1.3457568244131264,2.8420621237686787
74,1.061464245322609,2.4771052638955475
75,0.7748566647760226,2.118506021632065
76,0.487393924543187,1.7698049210779565
77,0.19808918149452945,1.4271677019204703
78,-0.09018343061430388,1.0918095819055684
79,-0.3758144628901881,0.762555150875969
80,-0.6588056773834787,0.4427130488861095
81,-0.9403603275884351,0.1294724512710345
82,-1.220284428298783,-0.17683108833933076
83,-1.4949329533050544,-0.47622456799699625
84,-1.7628451810952497,-0.7663646278834776
85,-2.0293120216991736,-1.0513347737923058
86,-2.290032474332539,-1.0926995184151578
87,-2.5450410381599546,-1.373399307232967
88,-2.797556013054675,-1.6483833136170298
89,-3.0469479655262126,-1.918456800880791
90,-3.2932992404926518,-2.1823155198655595
91,-3.533914143183033,-2.4409165375213635
92,-3.7687030360631772,-2.4812877270360616
93,-3.998645938219919,-2.735589907825973
94,-4.225060009313646,-2.984252847323303
95,-4.448004628416384,-3.2278145245005603
96,-4.667954452258812,-3.4664838011184944
97,-4.846411268765914,-3.6973181598066356
98,-5.057867868343638,-3.9213644159455048
99,-5.263491417614316,-4.140167911729837
100,-5.463754402895696,-4.165873330959705
101,-5.658973484391051,-4.379786285511955
102,-5.84993609600414,-4.58698308102878
103,-6.037685750264235,-4.7885320965697415
104,-6.207839178806388,-4.985435876822826
105,-6.389554236871792,-5.176222388638711
106,-6.566907704367654,-5.362405897096627
107,-6.738081501827732,-5.544727763935372
108,-6.867107551451808,-5.7219698701553
109,-7.013347039521761,-5.893640032333192
110,-7.129084471476836,-5.9127725167257905
111,-7.292520522305169,-6.080215497707389
112,-7.454104826216388,-6.243829959761432
113,-7.613408749480782,-6.292438776681671
114,-7.738628279410547,-6.449713236677962
115,-7.896343265638505,-6.602261717546986
116,-8.01323751662412,-6.750946745762111
117,-8.167948331051246,-6.894698695682753
118,-8.320257529080259,-7.034832859692751
119,-8.471475515301119,-7.1723347687998
120,-8.605127672116424,-7.305069054916894
121,-8.702625623551496,-7.434483142146249
122,-8.849602885888524,-7.561279741349084
123,-8.993322984846827,-7.685409679104142
124,-9.135148142486686,-7.805723565887085
125,-9.224679806360307,-7.918775395238536
126,-9.31036532277258,-8.033126815209133
127,-9.430523246635538,-8.144894992150117
128,-9.559414034824936,-8.253946189270552
129,-9.625070006134216,-8.273446881706667
130,-9.762802601209227,-8.378582296931468
131,-9.899657125875407,-8.482064805930687
132,-10.009857658926887,-8.582141532319103
133,-10.14261189603152,-8.681050318861638
134,-10.274915363470935,-8.777119603250974
135,-10.40492173256468,-8.793051975166511
136,-10.533317237087225,-8.887029659009592
137,-10.639791132311613,-8.976796449759487
138,-10.757784241675086,-8.99712670594902
139,-10.88307894352405,-9.086198487933334
140,-10.958523264104636,-9.17211965227774
141,-11.08287113191966,-9.25616993277694
142,-11.20489692902427,-9.33824728572148
143,-11.296919303280822,-9.417883838113564
144,-11.418018718039752,-9.495617476147276
145,-11.488994937297656,-9.572217673581434
146,-11.569599654382428,-9.64757862656619
147,-11.68286331445064,-9.720656914916935
148,-11.80142636553307,-9.793354453451961
149,-11.89844387825873,-9.86465713014926
150,-11.978093734652997,-9.934914081467697
151,-12.09667242794532,-10.003540952813061
152,-12.207614421540217,-10.070843751113909
153,-12.324320232980991,-10.137172519823183
154,-12.439601795430876,-10.20281554040716
155,-12.512211451463674,-10.26775276487573
156,-12.627319232057316,-10.272321160512726
157,-12.740039714919057,-10.336678082260224
158,-12.851883411214377,-10.399630460301589
159,-12.962430902843723,-10.404719274137872
160,-13.072489110734123,-10.467720024786756
161,-13.179626849379872,-10.528927397806495
162,-13.287910957958646,-10.57401318271526
163,-13.362326839001074,-10.631784303011333
164,-13.469884214631358,-10.688244238546865
165,-13.576461359486363,-10.74427323457724
166,-13.681381662371344,-10.799138268832323
167,-13.773086689520312,-10.852250192869388
168,-13.876916314427973,-10.905225750120637
169,-13.980065032137938,-10.957708523395477
170,-14.082551217084944,-11.009365294376359
171,-14.183703377252412,-11.060922157679181
172,-14.2716517634649,-11.088790390064927
173,-14.368688253914483,-11.139899661060959
174,-14.42835077863625,-11.191168032099036
175,-14.52268760125128,-11.241998683861818
176,-14.604546951975793,-11.293550082671368
177,-14.696758440553424,-11.345421861060327
178,-14.768184036155874,-11.397669586940527
179,-14.848433407729388,-11.449383803991111
180,-14.937640880381068,-11.501478820695466
181,-14.995523889241904,-11.553901794155205
182,-15.082533501879439,-11.606604895207354
183,-15.137067510045332,-11.659115841896822
184,-15.222288811182851,-11.711830834261626
185,-15.302825225839518,-11.76501910053042
186,-15.387039165183603,-11.818166986978905
187,-15.46954713200912,-11.871750989880056
188,-15.551462460118897,-11.925177008511751
189,-15.623892568043955,-11.979165554177609
190,-15.7033520204668,-12.033192734571552
191,-15.78186874130825,-12.086926022863217
192,-15.859270949461918,-12.141771178365326
193,-15.936063530550989,-12.196634510259104
194,-16.01160459005141,-12.251595667371358
195,-16.086192953040534,-12.306869721079547
196,-16.159338811550864,-12.363077650107716
197,-16.23162253554576,-12.419286799696534
198,-16.282446042090008,-12.475228991772804
199,-16.33322654568681,-12.531980846845823
200,-16.363172376659314,-12.588171271579126
201,-16.410770889077078,-12.645103186955676
202,-16.463411302338613,-12.701578884358174
203,-16.500362898651723,-12.758326609631236
204,-16.549390429758777,-12.815661529097975
205,-16.618435797154063,-12.873212762323991
206,-16.64458301608959,-12.931097296304454
207,-16.693168842879654,-12.989081825304813
208,-16.762348489936315,-13.047503542970702
209,-16.830307846632696,-13.10550701818464
210,-16.89275247403718,-13.163653737351483
211,-16.934111572005808,-13.221702853321057
212,-16.97719584218217,-13.279985721365435
213,-17.043770658617262,-13.338427798238397
214,-17.08998647556865,-13.396814979899037
215,-17.152497116425252,-13.455184038892616
216,-17.215834494751547,-13.514233479648396
217,-17.242069668984954,-13.572930717319048
218,-17.293428658417394,-13.631455872014032
219,-17.316174047731078,-13.689712247123841
220,-17.361092923109123,-13.74818691949922
221,-17.387256575647694,-13.806147725147135
222,-17.441064698769143,-13.863830083092829
223,-17.499391180391427,-13.921299121358869
224,-17.52776552467422,-13.979163651714492
225,-17.556098851182135,-14.037239781986157
226,-17.59106648872466,-14.094409300607467
227,-17.65022610290426,-14.151526579169454
228,-17.677942186786677,-14.208939474049258
229,-17.736865462738507,-14.266010929505645
230,-17.794820152560355,-14.323197906899308
231,-17.85201434752065,-14.380172741906813
232,-17.885567076692983,-14.437264629892766
233,-17.915952358677444,-14.49453508168601
234,-17.97271602358306,-14.551468449593399
235,-18.02884568733617,-14.608476340359026
236,-18.08146962494149,-14.66579494559499
237,-18.136779644642473,-14.722978324511692
238,-18.166900540296286,-14.78015141776905
239,-18.19074523275144,-14.837125578609966
240,-18.239567814919585,-14.893891834753783
241,-18.273365860287637,-14.95034060195137
242,-18.295069973025107,-15.006810768271157
243,-18.318769987490075,-15.063631044392338
244,-18.373146253817566,-15.120087638709363
245,-18.42739940854308,-15.176466905399561
246,-18.451861512862447,-15.23277550815812
247,-18.500053890046072,-15.2891321584983
248,-18.52756424024608,-15.345281673399395
249,-18.575983086172275,-15.401143890529283
250,-18.597064465059926,-15.457097555463868
251,-18.626628713768046,-15.512700653833694
252,-18.679611796410153,-15.568548638123513
253,-18.709639916473826,-15.624008290337661
254,-18.762207606902763,-15.679495165795649
255,-18.810799290452152,-15.734477253017966
256,-18.862787293158107,-15.789261827151988
257,-18.89008858202626,-15.844045220931449
258,-18.927057170644492,-15.898628646315236
259,-18.97612074109064,-15.953101429411133
260,-19.027165271350977,-16.00751695127182
261,-19.055160393322964,-16.06181231615525
262,-19.079790740203237,-16.115667155814307
263,-19.11753103219728,-16.169543735504636
264,-19.16789809781907,-16.223181218727493
265,-19.200719298136786,-16.27656025471778
266,-19.224352364804187,-16.32993649465122
267,-19.273759904819386,-16.383307173270428
268,-19.322282339091636,-16.436565070527337
269,-19.341751780234098,-16.489325072047908
270,-19.36354689086347,-16.54236310873803
271,-19.390466743375384,-16.59528526375829
272,-19.438669099382373,-16.647745633735475
273,-19.456903383917133,-16.70021387054442
274,-19.504576543141827,-16.75253538742158
275,-19.538973680833603,-16.804653306235014
276,-19.561551692451307,-16.85657252499911
277,-19.608195897767228,-16.907923122165993
278,-19.626564089823024,-16.958923398766885
279,-19.648606199732875,-17.00989805157764
280,-19.667845735065338,-17.060855046335
281,-19.689918485981288,-17.11124538516207
282,-19.708832314873476,-17.161484819546803
283,-19.7270519636633,-17.211499014821158
284,-19.773527612405815,-17.26133511028245
285,-19.820223541869446,-17.310906669907332
286,-19.854284547497347,-17.3605625937903
287,-19.87572797323795,-17.409814700208376
288,-19.898239673440077,-17.458744386812313
289,-19.917957068956426,-17.50743902053458
290,-19.963445304501594,-17.5557438720034
291,-19.986266746545116,-17.604070461093624
292,-20.002803070753377,-17.652318893186067
293,-20.027476685521076,-17.699976288086685
294,-20.047602597941424,-17.747331792080512
295,-20.092523294738307,-17.79453451682187
296,-20.11066370096482,-17.84141953679392
297,-20.126152935323372,-17.88816750385446
298,-20.142344964794535,-17.93449396054442
299,-20.15833985901977,-17.98052870800169
300,-20.20333416552858,-18.026487835097804
301,-20.22794342931671,-18.071925783300784
302,-20.263386505121645,-18.117414342527226
303,-20.27879020382525,-18.1625642479421
304,-20.323095558250735,-18.20790472903368
305,-20.367076112519314,-18.252737768475367
306,-20.39149153454277,-18.297242133401195
307,-20.435087242584945,-18.34153689106702
308,-20.452799900655933,-18.385711894314266
309,-20.496232185748603,-18.4295661983955
310,-20.52954756645334,-18.47317989733655
311,-20.552115416972043,-18.516606987288274
312,-20.568576722168032,-18.559806195271108
313,-20.583452128065762,-18.602608635273082
314,-20.626700851414608,-18.645347650522528
315,-20.66934660524357,-18.687554467134326
316,-20.69041697548376,-18.72965752075812
317,-20.73243608750291,-18.771486573766925
318,-20.77410911659657,-18.813141088014017
319,-20.81564307393,-18.854545950065926
320,-20.8321434736047,-18.895916307113517
321,-20.845588424427767,-18.93717074433487
322,-20.85877882710268,-18.977827505427214
323,-20.879415302513024,-19.01837481636916
324,-20.89490842974612,-19.05866691987552
325,-20.936421683894874,-19.09856046566949
326,-20.958147558949065,-19.13830707210425
327,-20.998833721461345,-19.177719808218875
328,-21.014394102144315,-19.21689458425481
329,-21.054713807004717,-19.255670953041214
330,-21.072202304239294,-19.294196546532422
331,-21.11256375327332,-19.33247757075453
332,-21.132871794593964,-19.37079876421458
333,-21.167351283497425,-19.40889041750322
334,-21.183192147566135,-19.446722982360033
335,-21.222660922039086,-19.484256067532396
336,-21.24580092030179,-19.5219546953574
337,-21.25934827370962,-19.559519616144293
338,-21.274961905464803,-19.59667291305614
339,-21.295883623489864,-19.614434538232885
340,-21.334765349203536,-19.651536029151856
341,-21.373012002254956,-19.688259169168973
342,-21.388919820356485,-19.725030610397244
343,-21.426968090954208,-19.761625059631875
344,-21.456303885272053,-19.798314096050184
345,-21.49345804376764,-19.83444359864985
346,-21.514877329456418,-19.870630032053285
347,-21.528831178299896,-19.9065118410902
348,-21.56614267080231,-19.942071478425575
349,-21.60336146416196,-19.977686385212635
350,-21.630657449983783,-20.012936884533342
351,-21.654479462181918,-20.04811693292847
352,-21.668207952073992,-20.083202411411314
353,-21.684827936085938,-20.118287062824535
354,-21.700306865709305,-20.152909835703042
355,-21.712997901218692,-20.187580943112348
356,-21.749516330524997,-20.222071425285186
357,-21.762892015420977,-20.2564438177954
358,-21.785303289062824,-20.290799911372183
359,-21.81560243472031,-20.32465001143116
360,-21.85198527125294,-20.358585883033538
361,-21.887786006895002,-20.39265221399724
362,-21.913214248903195,-20.42646548997113
363,-21.928198933466028,-20.4487073278142
364,-21.942722196868804,-20.48254471485185
365,-21.95652470340865,-20.516108441735604
366,-21.969040388234536,-20.549625588665744
367,-22.004461355213614,-20.58329518413066
368,-22.029796050206876,-20.61684091655848
369,-22.064857543041796,-20.649826643540244
370,-22.099710526859653,-20.683252510561474
371,-22.115807731917876,-20.71646485491613
372,-22.129151268159347,-20.749445704854246
373,-22.154054280727745,-20.78231235468476
374,-22.18854826622681,-20.8151628191624
375,-22.221127730554848,-20.848089307239793
376,-22.255127800456723,-20.880852656611296
377,-22.28870699617544,-20.91349098255371
378,-22.29984586696403,-20.94578087595504
379,-22.31411798371829,-20.977978338670148
380,-22.347660630711566,-21.0102146239693
381,-22.380842230955526,-21.042364466171502
382,-22.39815750858708,-21.074171562407926
383,-22.416058336586907,-21.106027304561643
384,-22.435641666146847,-21.13758545670215
385,-22.468445888953518,-21.169117035717747
386,-22.48201588042675,-21.200356187942972
387,-22.496463363089635,-21.231583491833263
388,-22.529206604797334,-21.26273156088832
389,-22.56189408312342,-21.293814727095963
390,-22.577886320473425,-21.32472832105538
391,-22.58904869072865,-21.3555060280143
392,-22.610239092878896,-21.38605734277164
393,-22.643120179661295,-21.41648658047808
394,-22.67540033685902,-21.44701575528601
395,-22.689965581569076,-21.477359527987993
396,-22.72205300336566,-21.507626137538686
397,-22.753615890469206,-21.537617331934033
398,-22.78486216583959,-21.567428092030468
399,-22.795607417915114,-21.597268290883175
400,-22.82727586081144,-21.626963511907583
401,-22.840857293610643,-21.65659265243904
402,-22.853441582937894,-21.686080967218874
403,-22.87295912922035,-21.71559520451809
404,-22.885975772359618,-21.730242184261197
405,-22.900190011986087,-21.759626979073058
406,-22.932033673538392,-21.788698087597407
407,-22.94610284255582,-21.81781085648878
408,-22.963961882993065,-21.846627733359558
409,-22.976735396931492,-21.875303696117573
410,-23.008591993368658,-21.904075190759063
411,-23.01761220242938,-21.932705690506808
412,-23.02754911810469,-21.961259842544592
413,-23.04135975960409,-21.9897054599115
414,-23.073043591653025,-22.01785663935839
415,-23.104263473854257,-22.04608287021425
416,-23.126080966425445,-22.074145242393957
417,-23.141225096426076,-22.101993954164858
418,-23.172759781822574,-22.129537149557912
419,-23.203698008140186,-22.15719905724436
420,-23.23463155668568,-22.18449111695617
421,-23.264354690992548,-22.21164011343677
422,-23.289655386594504,-22.23882201603279
423,-23.320543260261484,-22.265883023165312
424,-23.351214212805164,-22.292753386410546
425,-23.38187794531581,-22.31949049723875
426,-23.39367437125738,-22.346262791105147
427,-23.424281454941152,-22.372897315319108
428,-23.454855659479044,-22.399372938910727
429,-23.485052559720888,-22.425839928542846
430,-23.500029645982433,-22.452201034877938
431,-23.509855728706196,-22.478303166575564
432,-23.539987313168496,-22.504329551490734
433,-23.552421953469732,-22.529997774786807
434,-23.5707553332725,-22.555756029372365
435,-23.600673351073045,-22.58135280785323
436,-23.63019116992349,-22.6069050261231
437,-23.639899495702444,-22.63242283139075
438,-23.657491095615658,-22.657870277790554
439,-23.667850701276308,-22.68312694768652
440,-23.678859132807887,-22.708425312575624
441,-23.70818259383902,-22.73364363430056
442,-23.737473049151255,-22.7588128367591
443,-23.766678889082257,-22.784119610271986
444,-23.795736198309385,-22.809198058260066
445,-23.824468771551633,-22.834197523560867
446,-23.85306647830607,-22.859115786167578
447,-23.867889064483137,-22.88396220317823
448,-23.896417898721324,-22.908819828699045
449,-23.924872911020778,-22.933456690065487
450,-23.938669736148732,-22.95808848231022
451,-23.966855665145022,-22.982736568084942
452,-23.976658946033265,-23.00736447000829
453,-24.004639521279966,-23.031773366147142
454,-24.01441931743344,-23.05616217012879
455,-24.042364205410514,-23.080418786905614
456,-24.052113626396526,-23.10467287487866
457,-24.072181266676658,-23.128748839553268
458,-24.100246736958656,-23.152886882244285
459,-24.127886524307172,-23.176902742137578
460,-24.138757435794087,-23.20089268519341
461,-24.166450468419573,-23.224586975254105
462,-24.19379629128126,-23.24826285097697
463,-24.21575550101699,-23.27170399950439
464,-24.243378686081684,-23.29505907333478
465,-24.253311050487078,-23.318442840908684
466,-24.262294114039705,-23.341658710388995
467,-24.289686463747834,-23.365007038955095
468,-24.301656409776243,-23.38825834481626
469,-24.314745611947483,-23.41135055401682
470,-24.32352585027419,-23.434512231624907
471,-24.351124023132986,-23.45761202832687
472,-24.378584804917164,-23.480507027857325
473,-24.406166960424958,-23.503449206209936
474,-24.433273979882724,-23.526522873268696
475,-24.460384631849163,-23.549159993460968
476,-24.47212461841366,-23.571990167968103
477,-24.499092669247023,-23.594652063878232
478,-24.509047078653076,-23.617273427671133
479,-24.52093500534358,-23.639805995682842
480,-24.54752731632723,-23.662451991095224
481,-24.57395999996716,-23.68488476303405
482,-24.587430837514987,-23.70728473195278
483,-24.613706524271755,-23.729756294384877
484,-24.640186233267745,-23.75197681875893
485,-24.653091392356178,-23.77422065969216
486,-24.663101482582377,-23.796616279004528
487,-24.689425637158937,-23.818860879675185
488,-24.715479566760123,-23.840963092909615
489,-24.73359141867499,-23.863068926494872
490,-24.74428051521054,-23.88503189516554
491,-24.7528555435363,-23.90697959179072
492,-24.77657316209737,-23.928859765365434
493,-24.802292836287595,-23.95061209123407
494,-24.812806630659875,-23.972293176342948
495,-24.83115611132963,-23.99402765642265
496,-24.856670060724884,-24.0155640552293
497,-24.876283242719367,-24.03697254468399
498,-24.889207489528985,-24.058505394450012
499,-24.914412763675628,-24.079955070497665
500,-24.939518749375104,-24.10142075678149
501,-24.94788518365612,-24.12277926490272
502,-24.973169631498877,-24.14404799505313
503,-24.983510441547345,-24.165012577324763
504,-25.008510342047156,-24.185934213898125
505,-25.02959598412063,-24.206843214027163
506,-25.0543212950369,-24.227796304358968
507,-25.07902177872727,-24.248628456751987
508,-25.08820917322918,-24.269602602501983
509,-25.112730443511317,-24.290531960661
510,-25.13699513522762,-24.311381189051794
511,-25.1474444319716,-24.332047167672574
512,-25.172008559408567,-24.352564934037712
513,-25.180694420737954,-24.373044995987595
514,-25.199635700311454,-24.393437892202364
515,-25.224106413851302,-24.41377273970881
516,-25.24823245741898,-24.43419640182692
517,-25.272159843505293,-24.454603322603063
518,-25.285010806573162,-24.474967214158998
519,-25.309079691496944,-24.495281840891867
520,-25.333463104640533,-24.51542404370378
521,-25.357669075604242,-24.535713900561323
522,-25.381846739795755,-24.555867294240926
523,-25.405961576936196,-24.575984160857256
524,-25.41550951293818,-24.59617284398634
525,-25.439434386487804,-24.616240698447918
526,-25.46312631001085,-24.636307257125203
527,-25.48660057301801,-24.65648419746078
528,-25.49445872448605,-24.67665138400817
529,-25.5053941971784,-24.6967707414482
530,-25.528665317060696,-24.716852997465228
531,-25.537585464641836,-24.736765241117514
532,-25.547825830324392,-24.756624599881885
533,-25.56419301643949,-24.7762175235365
534,-25.587435496135846,-24.795800251259905
535,-25.610740546992037,-24.815433768326653
536,-25.624336276627773,-24.835005053506087
537,-25.647672522238352,-24.85449391194566
538,-25.65766215254805,-24.87392800484305
539,-25.680689541378715,-24.89339846652511
540,-25.703708645884088,-24.91290575391592
541,-25.726737856827224,-24.932268989797684
542,-25.743778051530086,-24.95178146445615
543,-25.76682015055571,-24.971059034254974
544,-25.78056945342041,-24.990329115566656
545,-25.8032909054165,-25.00956955895405
546,-25.81227250103029,-25.028667266736022
547,-25.83506661399962,-25.04778173893034
548,-25.85780638280668,-25.066784910852636
549,-25.880514371030976,-25.085840941588387
550,-25.90294440899199,-25.104575911140323
551,-25.925205939099914,-25.123451013869065
552,-25.947519191295214,-25.142094940718124
553,-25.970055651989576,-25.1606990080664
554,-25.980510989457688,-25.179292545640074
555,-25.990454427241815,-25.197963959649062
556,-26.01269861008222,-25.216338419851066
557,-26.02838142624475,-25.234819797939615
558,-26.03734489833826,-25.25300231683
559,-26.059797782448445,-25.271331092250982
560,-26.081972486386416,-25.289633615445826
561,-26.10391704798527,-25.307862655206492
562,-26.12548521199529,-25.326108601538138
563,-26.1446763890682,-25.34420897416541
564,-26.15416836496696,-25.362243357367685
565,-26.17617946584896,-25.380228654002178
566,-26.19808009779276,-25.398248226575916
567,-26.20525187172536,-25.416334253871817
568,-26.215351961608828,-25.434218673140226
569,-26.236977465559,-25.45205800496524
570,-26.258480163303762,-25.46979273972644
571,-26.279972212821363,-25.487486467108127
572,-26.28933633374552,-25.504951303495336
573,-26.310530580261464,-25.522381930595625
574,-26.317810138782747,-25.53982509405467
575,-26.33899031870695,-25.557188600223952
576,-26.36011788877425,-25.57433008980798
577,-26.38118126792253,-25.591600197015467
578,-26.39975535287732,-25.608925000513885
579,-26.407309863550584,-25.626121598761916
580,-26.428057018165692,-25.64339086625982
581,-26.44876258734319,-25.660430233156966
582,-26.460824892529327,-25.677445025262234
583,-26.481538841273622,-25.69435465431544
584,-26.50219353576364,-25.711300283824773
585,-26.522991046647157,-25.728345453267004
586,-26.54373940720683,-25.745271478673487
587,-26.564133634909794,-25.762117469231534
588,-26.584328145611693,-25.778952788235344
589,-26.60457062740367,-25.79579960489776
590,-26.624712026034437,-25.812603026837255
591,-26.634781169151992,-25.829320256962134
592,-26.65511819814201,-25.84586551000608
593,-26.675308985696454,-25.862462213835585
594,-26.695233087450042,-25.878972566454163
595,-26.715119008777318,-25.89540184640194
596,-26.735169516180108,-25.91185739359936
597,-26.754750030049323,-25.92829280481002
598,-26.76155798196752,-25.944722676253285
599,-26.781174116385756,-25.961018222793346
600,-26.80092858253021,-25.97734486124901
601,-26.820861528562318,-25.99356843936544
602,-26.840488187802634,-26.009788623585884
603,-26.853766803468762,-26.025888463930002
604,-26.873218614117384,-26.042079848806548
605,-26.892620185336966,-26.05826811357291
606,-26.911967435937477,-26.07438212808526
607,-26.931338101801906,-26.090394139111826
608,-26.950768351035773,-26.106519295006493
609,-26.96998943107029,-26.122495305376702
610,-26.988817633799467,-26.13833541703599
611,-26.998831162348033,-26.15409118204937
612,-27.017856533815422,-26.169855487378737
613,-27.036766754221716,-26.185619278718104
614,-27.055852978730965,-26.201470928624868
615,-27.06601590941482,-26.21727886978132
616,-27.08480075705619,-26.233082900257283
617,-27.103479485955503,-26.24876705407889
618,-27.122222360267482,-26.26440661582977
619,-27.141017650850486,-26.279998568696886
620,-27.159728353387965,-26.29563435522838
621,-27.178306100693685,-26.311233667743977
622,-27.19693989256104,-26.32674058057846
623,-27.208322365378034,-26.34216817587103
624,-27.226574555051833,-26.35756516703048
625,-27.244780644336462,-26.37291332340668
626,-27.26302672375953,-26.388251470313776
627,-27.28142912668843,-26.403531618450824
628,-27.299615552975023,-26.41883561034171
629,-27.317656475036262,-26.434067707656432
630,-27.33148866120266,-26.449186680139164
631,-27.338065041962412,-26.464385538785578
632,-27.356358966657933,-26.479461314406684
633,-27.372083854324345,-26.494533884008256
634,-27.390405455318295,-26.509649391248278
635,-27.408517819950447,-26.524628932990915
636,-27.426830909044714,-26.539579255905117
637,-27.444972472187278,-26.554392041926498
638,-27.46294832133263,-26.569279663653784
639,-27.47271305172124,-26.58410633542411
640,-27.490833932067996,-26.599016864710627
641,-27.508827373427845,-26.61392589836175
642,-27.520280045859366,-26.628692875703408
643,-27.53846360730295,-26.643448318384202
644,-27.553199225900958,-26.658200849709946
645,-27.561657465997577,-26.67288896569958
646,-27.571579763410487,-26.6875487495822
647,-27.58969352096625,-26.70217533876532
648,-27.607761266596423,-26.71674594790848
649,-27.625834340460052,-26.731164950329845
650,-27.64380544597101,-26.745746117498577
651,-27.66159084599202,-26.760229584548
652,-27.672215648935644,-26.77478452497539
653,-27.689969679139566,-26.789259053454348
654,-27.707631496869265,-26.80382779122183
655,-27.725271480879854,-26.81834848671595
656,-27.742831966526182,-26.832703380602485
657,-27.760269338064997,-26.847028192166007
658,-27.77774275407027,-26.86128878982286
659,-27.79534406247382,-26.87575441166921
660,-27.812714050773348,-26.890080255268547
661,-27.829870458527516,-26.904313494718693
662,-27.84716975272788,-26.918672277286355
663,-27.86432465127382,-26.932932157083666
664,-27.881203238277422,-26.947088628380325
665,-27.89804621181631,-26.961358768793936
666,-27.915010886212983,-26.975557794931188
667,-27.932047845704556,-26.98964514501912
668,-27.94885986237755,-27.003710681649743
669,-27.965687082382345,-27.01780217825609
670,-27.978413226913375,-27.031735931284796
671,-27.99505735021146,-27.045629324194508
672,-28.01175524235064,-27.05970123740965
673,-28.02837573279725,-27.07364975813485
674,-28.044905306249593,-27.0875401744737
675,-28.06129260975038,-27.101360334606284
676,-28.07771549558667,-27.115253732547046
677,-28.09424529733285,-27.129122305547433
678,-28.110756509901467,-27.142840396013423
679,-28.127201694723265,-27.156487550111116
680,-28.14355694622209,-27.170132371172347
681,-28.15237371079074,-27.18367757156936
682,-28.16881033866772,-27.19715575677896
683,-28.1851756841324,-27.210889772515387
684,-28.201481828795554,-27.224418099566375
685,-28.217625587015192,-27.237884938855096
686,-28.233883889971796,-27.251432610619357
687,-28.24994096465025,-27.264971889330774
688,-28.266194965053444,-27.27848798600339
689,-28.28222060670867,-27.29183396229373
690,-28.298253694961996,-27.30517844891725
691,-28.314263665209236,-27.31856297796369
692,-28.330313139496923,-27.33187493457009
693,-28.343586656570956,-27.34500800790852
694,-28.359571259449105,-27.358319224433437
695,-28.3755880524916,-27.371582207731407
696,-28.39144129655423,-27.3848180879722
697,-28.40731101907243,-27.39808099298789
698,-28.422993213843693,-27.41122495161838
699,-28.438679265690087,-27.424311817077545
700,-28.45428558179108,-27.43725949995089
701,-28.470072670511563,-27.4504689016293
702,-28.485527480683587,-27.46345689269116
703,-28.50042593983264,-27.476390941975755
704,-28.515147305691112,-27.489312519501045
705,-28.530465692202686,-27.502244034796465
706,-28.54584922561225,-27.51508628067566
707,-28.561266581738366,-27.527973960567707
708,-28.568530333940803,-27.54082788383987
709,-28.583913709646694,-27.55374576313322
710,-28.59923504615458,-27.566561827617843
711,-28.61445742781323,-27.579277489519047
712,-28.629516965115936,-27.592005458568288
713,-28.644622720930823,-27.604613058749003
714,-28.656059475710617,-27.617260642522766
715,-28.671137120107748,-27.629833308548765
716,-28.686114971501596,-27.642431484697756
717,-28.700970041380074,-27.654930122081286
718,-28.715703940218987,-27.66741389948498
719,-28.730534452677812,-27.679878321629786
720,-28.74535455865823,-27.692464223202133
721,-28.76026313779922,-27.70493542506115
722,-28.775079631271463,-27.717301938634805
723,-28.785355929902906,-27.729664141652144
724,-28.799980992858146,-27.74197441202191
725,-28.814553339603147,-27.754286831522315
726,-28.82174663406631,-27.76651966654088
727,-28.836458266173796,-27.77872200522419
728,-28.851200252968717,-27.7908454950688
729,-28.865776435496507,-27.803086316865745
730,-28.880371279383173,-27.815265713777446
731,-28.89511096050084,-27.827435756137348
732,-28.909560407361198,-27.839750635415488
733,-28.924185330117417,-27.85210203393081
734,-28.938647976036496,-27.86435028023465
735,-28.953025527397312,-27.876578028837518
736,-28.967347620888006,-27.88883054649109
737,-28.973605956749964,-27.90103538343651
738,-28.987837651017163,-27.913169019120772
739,-29.002212078654896,-27.92521911312358
740,-29.016659288596195,-27.937302256489946
741,-29.0309162762819,-27.949378868821572
742,-29.043667963131124,-27.961579529179065
743,-29.05591858002335,-27.97377136626823
744,-29.07003372846029,-27.985789328539123
745,-29.084192901667375,-27.99776706429876
746,-29.094600432441254,-28.009838998092967
747,-29.099332080258712,-28.02193965626625
748,-29.113441124383176,-28.03398179391085
749,-29.127496020987817,-28.046007018237624
750,-29.13719208637036,-28.057926947849026
751,-29.151290253509263,-28.069889742431446
752,-29.165400514807253,-28.081820823056873
753,-29.179489876111315,-28.09382309674022
754,-29.193351584463098,-28.105626797914
755,-29.207415387762165,-28.117497088463956
756,-29.217634716372416,-28.12934998036995
757,-29.231495717132997,-28.141102801440383
758,-29.245612999060736,-28.152956831209536
759,-29.253360957181258,-28.164817015856705
760,-29.267273651947445,-28.17653269316749
761,-29.28112531784069,-28.18832404779922
762,-29.294901704126236,-28.199993497649267
763,-29.308779946358957,-28.211696368347013
764,-29.322378963426488,-28.22335091881714
765,-29.335982508603337,-28.23506288220901
766,-29.34971101339714,-28.24661776237949
767,-29.353946208158217,-28.258138932055346
768,-29.36224221829428,-28.269629917019692
769,-29.37588458008135,-28.281018337411485
770,-29.38948245695068,-28.292411024352063
771,-29.403163488466166,-28.30383417693955
772,-29.41678014683403,-28.315264778411592
773,-29.430434412675613,-28.32662737856699
774,-29.44397823791716,-28.337967860048046
775,-29.457596403539725,-28.349237382317458
776,-29.47119196736267,-28.36050445201666
777,-29.484680894034305,-28.371849530203693
778,-29.49824629371826,-28.38305332648879
779,-29.511661186522222,-28.39428881930059
780,-29.52520962285369,-28.40562168379831
781,-29.538790696453237,-28.41688434362218
782,-29.55218850009077,-28.42809919323888
783,-29.565776657654293,-28.439281770216216
784,-29.579302431288244,-28.450591648348187
785,-29.5927090682131,-28.461708416640555
786,-29.606012166114212,-28.47283576325277
787,-29.619259172737312,-28.484010365439666
788,-29.632515170158925,-28.495095633127246
789,-29.645700214251402,-28.506158167970195
790,-29.658906541682313,-28.517098546766253
791,-29.67190804418527,-28.52810867114118
792,-29.684835417659983,-28.539056155185868
793,-29.69784887063255,-28.550054092420535
794,-29.710741096196365,-28.56089839395972
795,-29.723727809553974,-28.571741110497495
796,-29.736701412797238,-28.58268036077495
797,-29.749748302445372,-28.593634855911667
798,-29.762651920060392,-28.604539263156475
799,-29.775790178631308,-28.61540745117743
800,-29.783297560506043,-28.626327410325093
801,-29.79631487562564,-28.637135416125147
802,-29.80916950095182,-28.648001169170364
803,-29.821834978375257,-28.658801025387906
804,-29.834519771893437,-28.66965775109934
805,-29.847154235608425,-28.68050239909719
806,-29.859804847531112,-28.691230191639235
807,-29.87242234475723,-28.70187708337157
808,-29.885005332940832,-28.712557339104468
809,-29.897520317545645,-28.723265186477462
810,-29.910026989491072,-28.73385076527443
811,-29.92269431682606,-28.7444114550783
812,-29.9351956796548,-28.754904389580794
813,-29.947531887296517,-28.7654580025002
814,-29.960116959901274,-28.776065677643807
815,-29.972611496907334,-28.786671964932854
816,-29.98514063444017,-28.797305017885336
817,-29.99753012265081,-28.80774734882531
818,-30.00998156382703,-28.818186789314787
819,-30.022399931408515,-28.828640223924353
820,-30.034740683137663,-28.83914752248431
821,-30.04705970174519,-28.849636320870957
822,-30.059386719080923,-28.860007614014627
823,-30.07169047579672,-28.87032195249653
824,-30.083900188108853,-28.88063002195479
825,-30.088050204645047,-28.890923560804538
826,-30.100281732007975,-28.901255874153442
827,-30.112495690394436,-28.911515774271447
828,-30.124768751391002,-28.921772184544828
829,-30.136997239796507,-28.931959815216263
830,-30.14920430998184,-28.94213678095956
831,-30.161454743472742,-28.952330567818212
832,-30.17351438628665,-28.962540915322986
833,-30.185650999551783,-28.972659992619548
834,-30.197704249403788,-28.9828908060125
835,-30.20973498067314,-28.993085542926075
836,-30.221666755409156,-29.00332635176581
837,-30.233691420594845,-29.013530095094776
838,-30.243109597175152,-29.023615800382107
839,-30.25505222401797,-29.033717823271857
840,-30.266917373406983,-29.04381903876954
841,-30.278956371554127,-29.053903981800936
842,-30.286310932791366,-29.0639275693037
843,-30.298197066148497,-29.073944965789263
844,-30.31011147074641,-29.083868907903543
845,-30.32190570325027,-29.093691979430176
846,-30.333704936408406,-29.103579854005734
847,-30.34537538895636,-29.113451331967863
848,-30.35699545913145,-29.123287130799238
849,-30.368575981045602,-29.133114606169705
850,-30.380031442797602,-29.142794842759553
851,-30.38754306982787,-29.152506330448727
852,-30.399105800486993,-29.162239156996574
853,-30.410725404853306,-29.171975108990086
854,-30.413936941181106,-29.181568199998075
855,-30.425537036025993,-29.1911563162431
856,-30.437087852569288,-29.200878112569317
857,-30.448670022501723,-29.210438274146043
858,-30.46021644905737,-29.220021645368455
859,-30.471712697747414,-29.229512466097905
860,-30.48321708177951,-29.23902335645078
861,-30.494657154381223,-29.248645593028915
862,-30.50593118072836,-29.258114403522253
863,-30.517370709937236,-29.267626601862837
864,-30.52886072759444,-29.277206044167077
865,-30.54023286267452,-29.28666796342447
866,-30.55158498930921,-29.29611569893845
867,-30.5630277165175,-29.305558102254658
868,-30.574456780520894,-29.314970936384412
869,-30.58590010743107,-29.324365367720112
870,-30.597285327017396,-29.333876168869146
871,-30.600852121811307,-29.34327345575406
872,-30.612207943190732,-29.35269301721651
873,-30.62377147506214,-29.36210055785217
874,-30.628805296290764,-29.371396752699575
875,-30.64020201450828,-29.380798541038622
876,-30.651590183389224,-29.390252834288848
877,-30.663054996079186,-29.39959173293775
878,-30.6743394016991,-29.4089784962224
879,-30.685778197680964,-29.418315448753777
880,-30.697140450399512,-29.427550139805923
881,-30.708334760896403,-29.436761172250478
882,-30.719674977651618,-29.44596023590643
883,-30.731032879921685,-29.45514884108169
884,-30.742361810213016,-29.464348727219708
885,-30.75366420062154,-29.473558536693428
886,-30.764786382124793,-29.482704336242083
887,-30.775960886340798,-29.491849049811695
888,-30.787121407177207,-29.500988930191383
889,-30.79827519127067,-29.510048072383764
890,-30.809524435676625,-29.519137878213876
891,-30.82073701769295,-29.528331437779908
892,-30.83199058041602,-29.537467307803066
893,-30.843235947045894,-29.54659447365799
894,-30.854382792232943,-29.55578345884309
895,-30.86539720525467,-29.564872076257714
896,-30.876536846442626,-29.573988470070116
897,-30.887733992892038,-29.58309334476453
898,-30.898768197109323,-29.592213818875873
899,-30.909715297544995,-29.601288276213566
900,-30.92079664188072,-29.61026267720309
901,-30.93181076951469,-29.619353367658746
902,-30.942766732658296,-29.628432888863795
903,-30.953842240304017,-29.63751431791292
904,-30.964722025139643,-29.646553636193836
905,-30.975577800359062,-29.655618247984314
906,-30.986509767195432,-29.66452090236722
907,-30.997347806537952,-29.67341628817562
908,-31.00820037440488,-29.68232022735088
909,-31.0192049592581,-29.69121538560011
910,-31.030097320267224,-29.700057453904588
911,-31.040890420270024,-29.708883842457187
912,-31.045595122354865,-29.717700117560952
913,-31.05655373204497,-29.726519226043663
914,-31.06749289861783,-29.735290118105052
915,-31.078357952077223,-29.743970087946195
916,-31.08918440495687,-29.752649092618473
917,-31.09994508268714,-29.761414340209924
918,-31.110774434699305,-29.770092941285693
919,-31.12146608024855,-29.778733732416953
920,-31.1322457932642,-29.787337321159455
921,-31.135900860020545,-29.79590494323603
922,-31.14670652354734,-29.804513579050134
923,-31.15757803182342,-29.813174204893176
924,-31.168404121909603,-29.82182490100494
925,-31.179137644051217,-29.830389101371342
926,-31.18995492426182,-29.838921337917586
927,-31.200598605280724,-29.847394051688216
928,-31.21141743738284,-29.855862694300892
929,-31.222063025176638,-29.864325111415777
930,-31.232541258244073,-29.872841269856686
931,-31.243169512115706,-29.881304645493305
932,-31.25387573125747,-29.889744357703748
933,-31.264356465090533,-29.898151960489603
934,-31.2748193312771,-29.906564971409605
935,-31.28539736085407,-29.914969958397936
936,-31.295840003854117,-29.923274167008312
937,-31.306280125893057,-29.931613801456425
938,-31.316718131525207,-29.939960192438562
939,-31.327063585577505,-29.948281828178125
940,-31.33749601438686,-29.956581288025045
941,-31.347923472214855,-29.964861518792855
942,-31.358359224386092,-29.973052867472667
943,-31.36881334260298,-29.981169692769097
944,-31.379233801717035,-29.989397579155852
945,-31.389692165425533,-29.997553325661865
946,-31.40009906710532,-30.00564738091452
947,-31.410422850723226,-30.013775351762007
948,-31.420636041263645,-30.021863716701898
949,-31.43090250564314,-30.029979509264415
950,-31.441104942704364,-30.038019136716205
951,-31.451296712671745,-30.04612979715064
952,-31.461468144129658,-30.054116420355232
953,-31.4716599902869,-30.062157170148982
954,-31.4818741987301,-30.070203140382024
955,-31.49193795748531,-30.078266640477633
956,-31.502074874815882,-30.086259038218923
957,-31.51228405737064,-30.09432024503463
958,-31.522441362795785,-30.1023188098485
959,-31.53260707718783,-30.110312682324984
960,-31.542635391727377,-30.11828811585075
961,-31.55264707942045,-30.12629334386574
962,-31.56270654961467,-30.134199227694495
963,-31.57271013955275,-30.14209011974035
964,-31.58276125759361,-30.149960821463672
965,-31.592781805119245,-30.15787917166628
966,-31.602743167696467,-30.165694620141345
967,-31.612697227578817,-30.173474624187566
968,-31.62269721245801,-30.181223881685035
969,-31.632689006480234,-30.18894875769048
970,-31.642727934711267,-30.196719260468548
971,-31.65265903332822,-30.204461929388604
972,-31.662551282597544,-30.212207919025474
973,-31.672484596234813,-30.219959584087665
974,-31.682522981881814,-30.227736212655362
975,-31.692329777428096,-30.23546851293416
976,-31.70214182402061,-30.243160677588392
977,-31.711906116516765,-30.25073054021289
978,-31.721662313567098,-30.258442451953616
979,-31.731460207897307,-30.266043120215002
980,-31.741073619459,-30.2737191054404
981,-31.750782215662873,-30.281324924095557
982,-31.760512284200637,-30.288844192355146
983,-31.770126758171738,-30.296391834283934
984,-31.7797064986642,-30.303927096776608
985,-31.7893133398062,-30.31145464781958
986,-31.798880266562477,-30.319003592328183
987,-31.80860777289514,-30.326550127261257
988,-31.818040879070516,-30.334150042215654
989,-31.82767965162574,-30.341659271150654
990,-31.837303595127224,-30.349135881848397
991,-31.84700181933125,-30.356594802802892
992,-31.8566262173944,-30.3640970738715
993,-31.86614592676136,-30.37156204332179
994,-31.87571788930317,-30.379082938957605
995,-31.88532365651729,-30.38658229270181
996,-31.894717965673156,-30.394141687843117
997,-31.904115944234803,-30.401607591886954
998,-31.91360775832932,-30.40919277963491
999,-31.92309239699384,-30.416692768265165
1000,-31.93251665589704,-30.424156927851726
1001,-31.941856097497748,-30.43161407197651
1002,-31.951271938162627,-30.439022046981535
1003,-31.960555475085904,-30.446495215206486
1004,-31.969852216259316,-30.45393599174092
1005,-31.97923148303661,-30.461339047032848
1006,-31.988624099209943,-30.46875289685727
1007,-31.998075561127415,-30.476203070027747
1008,-32.0074413483389,-30.483509675371877
1009,-32.016675509954624,-30.490931230568403
1010,-32.02595229579263,-30.49828279643384
1011,-32.03528752435607,-30.505541737869738
1012,-32.04459063369616,-30.51283889084354
1013,-32.0538932923293,-30.520186865282767
1014,-32.06305891740184,-30.52751633449967
1015,-32.072194200629745,-30.534848099209995
1016,-32.08122647862661,-30.542172957817318
1017,-32.09040408139209,-30.54942059309017
1018,-32.09952937276678,-30.556706422848684
1019,-32.108756245913064,-30.56392976221673
1020,-32.117894877607704,-30.571152816379573
1021,-32.12695174020203,-30.578302931107316
1022,-32.136094514429644,-30.58545637335523
1023,-32.14509688827388,-30.592611887967234
1024,-32.15401825522728,-30.599693586227943
1025,-32.16313306387605,-30.606832811537014
1026,-32.17220210313481,-30.613942855358392
1027,-32.18123316974318,-30.620980204272836
1028,-32.19034631400403,-30.628101964385905
1029,-32.19942808476511,-30.635154965551276
1030,-32.20863901022683,-30.642209316651993
1031,-32.21768756256203,-30.649215911532487
1032,-32.22682678590121,-30.656114251755845
1033,-32.235792744684055,-30.66298277715686
1034,-32.24486330039944,-30.669875830120166
1035,-32.2539364692462,-30.67665084195115
1036,-32.262984407174386,-30.683328254229032
1037,-32.27206901516594,-30.689853056551012
1038,-32.28113302273444,-30.696425552345964
1039,-32.290239928333946,-30.702935482867385
1040,-32.29930185187446,-30.709516523374944
1041,-32.30818028621624,-30.716036716425613
1042,-32.317073086677816,-30.722431928715654
1043,-32.326007492091996,-30.72880129413217
1044,-32.334945626728704,-30.735255319520533
1045,-32.34381539523019,-30.741678566915578
1046,-32.35274626358573,-30.747979060996038
1047,-32.356866676987345,-30.754252634884715
1048,-32.36571754090003,-30.76046769015405
1049,-32.37458834072605,-30.766613654086488
1050,-32.38345606485223,-30.77284958282667
1051,-32.39221103118701,-30.779055821891365
1052,-32.40099902544904,-30.785205367955705
1053,-32.409760410731636,-30.791353688831784
1054,-32.41259610444373,-30.797528903669747
1055,-32.42147697049018,-30.803713445682213
1056,-32.43018127696015,-30.809887431455866
1057,-32.43898904349447,-30.81592080613353
1058,-32.4478241752927,-30.82205829424463
1059,-32.45657211482383,-30.828112822309706
1060,-32.46525021412711,-30.83423978321866
1061,-32.47389332058019,-30.84021460910187
1062,-32.4825425527073,-30.846211041699874
1063,-32.49102124323836,-30.85222173645203
1064,-32.49948372939897,-30.858176906887262
1065,-32.50795406081431,-30.864149534739017
1066,-32.516520886583045,-30.870181595503592
1067,-32.52495836468276,-30.876138452865927
1068,-32.533538969769765,-30.88200872371469
1069,-32.54195166133486,-30.887942052606352
1070,-32.55049711943055,-30.893770076826392
1071,-32.558947116976846,-30.899528730852325
1072,-32.56733409442562,-30.905292146392224
1073,-32.575770577450115,-30.911068486452166
1074,-32.58421317399249,-30.916784304698133
1075,-32.592491450492545,-30.922428005696286
1076,-32.60100185727979,-30.928136149637005
1077,-32.60931989175548,-30.93385116029454
1078,-32.61758504115153,-30.93954245265244
1079,-32.625864347205436,-30.94517939142869
1080,-32.634168530602544,-30.950781580200776
1081,-32.64248783708043,-30.956395169093998
1082,-32.650728471597475,-30.96203656526178
1083,-32.659048645657165,-30.96758237583294
1084,-32.667238152755246,-30.97314323954567
1085,-32.6754896310193,-30.978752980838607
1086,-32.68375329238403,-30.98428646695075
1087,-32.69209771537514,-30.989835336869323
1088,-32.70038500166395,-30.995372773085183
1089,-32.708599823421004,-31.000935755134645
1090,-32.71677684007836,-31.006516990133427
1091,-32.72502899042849,-31.012093954190966
1092,-32.73317479089385,-31.01759214429668
1093,-32.74126113816956,-31.023075820449776
1094,-32.749317990935786,-31.028600459977348
1095,-32.75217538642334,-31.03408065997473
1096,-32.76031424953607,-31.039476333852697
1097,-32.768368173654714,-31.044903138134043
1098,-32.77653947377195,-31.050388705530274
1099,-32.78469772430764,-31.05583529721616
1100,-32.792870702229806,-31.061318799423457
1101,-32.8010682952554,-31.066780523835348
1102,-32.80910887989593,-31.072173647441037
1103,-32.81725551976161,-31.077552714963172
1104,-32.82541749165496,-31.082930356795668
1105,-32.83344532757439,-31.08832025251234
1106,-32.8415715947404,-31.093733562585747
1107,-32.84962846624603,-31.09913400128019
1108,-32.85762770185818,-31.10459577166482
1109,-32.86565001230272,-31.11004881515461
1110,-32.87372920553727,-31.11553572184693
1111,-32.88168328416099,-31.12093032848469
1112,-32.88956144606195,-31.126314821253107
1113,-32.89747278734856,-31.131667980410278
1114,-32.905467557732386,-31.13706383517846
1115,-32.91343356810733,-31.142500266472275
1116,-32.92129856494731,-31.147915535428083
1117,-32.929233734177856,-31.153283826382562
1118,-32.93717516562869,-31.158726627023928
1119,-32.94504301706138,-31.164156316119026
1120,-32.952955899031785,-31.169544172945123
1121,-32.96079061715108,-31.17494794176717
1122,-32.96868813358249,-31.18035641971065
1123,-32.97652095353587,-31.185718717750163
1124,-32.984365377756156,-31.191201852693833
1125,-32.99222637447613,-31.196684383207888
1126,-33.000043337671094,-31.20212463051397
1127,-33.00780906477162,-31.207569428189927
1128,-33.01564540786484,-31.21297777537498
1129,-33.02356286931132,-31.218390114546036
1130,-33.03143593678417,-31.22388036920006
1131,-33.03926580949604,-31.229234896096273
1132,-33.047149128952114,-31.23458740973277
1133,-33.055005544810996,-31.239939975779805
1134,-33.06035931736844,-31.245240107758207
1135,-33.06819238727607,-31.250575020070276
1136,-33.07608375517005,-31.25240365323447
1137,-33.08394149683664,-31.257753779212937
1138,-33.09181729889148,-31.26311573715692
1139,-33.0996528252989,-31.268558146512035
1140,-33.10750798055455,-31.27389161246886
1141,-33.11542600786717,-31.279172872507356
1142,-33.12325425280764,-31.284456822847673
1143,-33.13110459553664,-31.289783926542206
1144,-33.138859284537745,-31.295106626600717
1145,-33.146668819086194,-31.300408610032182
1146,-33.15440453738173,-31.305665502977067
1147,-33.16213728196419,-31.310962654324193
1148,-33.169962627465,-31.316283398916294
1149,-33.17777058581576,-31.32150984585572
1150,-33.18562911202856,-31.326823150369407
1151,-33.19331836216613,-31.332149700481327
1152,-33.200981374632875,-31.337408765299546
1153,-33.20869418637256,-31.342719739125187
1154,-33.216398286332364,-31.34797531059192
1155,-33.22409410963553,-31.35328334456381
1156,-33.23183550194195,-31.358542893857567
1157,-33.23954064013391,-31.36380286743137
1158,-33.24721956892768,-31.369072515117907
1159,-33.25499572563422,-31.374234109450686
1160,-33.26266529573662,-31.37943079597522
1161,-33.270329610934695,-31.384611400185822
1162,-33.27801102415203,-31.38982080227137
1163,-33.285662203411604,-31.39506557328854
1164,-33.29328473483639,-31.400354187539524
1165,-33.30086553114318,-31.405596083615883
1166,-33.30852836679057,-31.41084015940881
1167,-33.31623001640761,-31.41601916325422
1168,-33.32377137872044,-31.421263279303673
1169,-33.3313830822404,-31.426488002364646
1170,-33.33894129095752,-31.43164438116768
1171,-33.346487714921814,-31.436901023767227
1172,-33.35398647372982,-31.44211102782299
1173,-33.361556709374845,-31.447339266830983
1174,-33.36898584142775,-31.45251544331199
1175,-33.376461119455556,-31.45776599317799
1176,-33.383907133102724,-31.462924383583392
1177,-33.389199968304354,-31.468165577629264
1178,-33.396720265548424,-31.473423983371976
1179,-33.404214547365726,-31.47863421686106
1180,-33.41170584158298,-31.483816085132688
1181,-33.419265730155175,-31.488980868462505
1182,-33.42681948512266,-31.494076415930675
1183,-33.43435413807016,-31.499258829837572
1184,-33.441866261063296,-31.504486885900278
1185,-33.44947512072141,-31.509608032876216
1186,-33.45707110572838,-31.514702779838494
1187,-33.46461505377502,-31.51977911001099
1188,-33.47210981603752,-31.52488299090853
1189,-33.47970950285376,-31.530004208805437
1190,-33.48727209283331,-31.534916405792146
1191,-33.49472353064356,-31.54001150052966
1192,-33.502277924837124,-31.545082704157508
1193,-33.50988319886314,-31.550073812491814
1194,-33.51750387087733,-31.555083242328905
1195,-33.525159100278074,-31.560183261861877
1196,-33.532724381699936,-31.56523194973738
1197,-33.54032528976408,-31.57023784318928
1198,-33.54796023094749,-31.575325173061074
1199,-33.55563486587073,-31.58042149883067
1200,-33.563355651540654,-31.585471316340453
1201,-33.57105754960179,-31.59053416115147
1202,-33.57874776623695,-31.59565136256751
1203,-33.586474511772025,-31.600760388988135
1204,-33.594129362918785,-31.605853606057956
1205,-33.60176302816479,-31.610933674538444
1206,-33.6093753205134,-31.61605978228732
1207,-33.61708379091708,-31.621163614432398
1208,-33.62474725412299,-31.626255215915464
1209,-33.63244725322106,-31.631313662712046
1210,-33.64012296331801,-31.636432569632397
1211,-33.647719581022145,-31.64153012429707
1212,-33.65546521128557,-31.646587799932906
1213,-33.66308766260248,-31.651647604741918
1214,-33.670570865708896,-31.656768341364423
1215,-33.67820336595262,-31.661869373375616
1216,-33.68585664631269,-31.666927992045824
1217,-33.693500297312205,-31.67201619216112
1218,-33.701062831565984,-31.677077739952715
1219,-33.70869334824403,-31.68216012088474
1220,-33.71625313739047,-31.687217788316175
1221,-33.723990309577786,-31.692308941300627
1222,-33.73165994247187,-31.697413531804962
1223,-33.73937350486269,-31.702481223787156
1224,-33.74703349052179,-31.70762136172523
1225,-33.7546995449369,-31.712747198638056
1226,-33.762364070819785,-31.71784150422042
1227,-33.770060485388086,-31.72298827370218
1228,-33.777639611897776,-31.72813712596567
1229,-33.78531012839405,-31.733307760726646
1230,-33.7930256966158,-31.738471928854704
1231,-33.80075964879981,-31.743642945038804
1232,-33.80845714520215,-31.748758839430362
1233,-33.81624211363626,-31.75386658353499
1234,-33.82398776836379,-31.759058135810275
1235,-33.83177797326366,-31.764125457994787
1236,-33.83946271545323,-31.769358034029366
1237,-33.84736306112646,-31.77452462772784
1238,-33.85516020413314,-31.77973009136772
1239,-33.86300529304286,-31.784955952979455
1240,-33.87077201146062,-31.790119675675513
1241,-33.87855496253226,-31.795325271519516
1242,-33.8863083292233,-31.800526410334715
1243,-33.89407979115542,-31.80566160900946
1244,-33.90181497979661,-31.810929537431207
1245,-33.909526248901756,-31.81608401395708
1246,-33.91718632844782,-31.821297714564203
1247,-33.92480812685446,-31.826543484866182
1248,-33.932512653542254,-31.831772950337967
1249,-33.94023615798474,-31.836906247396954
1250,-33.947882573977076,-31.842027783484802
1251,-33.9556305836098,-31.8472117355585
1252,-33.96339607249696,-31.85231575493743
1253,-33.97112806980233,-31.857460084556365
1254,-33.97893815487742,-31.86252071514117
1255,-33.986648035267606,-31.867657209754384
1256,-33.9944657762084,-31.872677207965847
1257,-34.002217758206456,-31.877742078634686
1258,-34.00996762894737,-31.882846327144183
1259,-34.01774685997427,-31.88787741935373
1260,-34.02561141826484,-31.89295540493958
1261,-34.03344647456908,-31.898011458042227
1262,-34.04127097833907,-31.903113447799917
1263,-34.049080430175394,-31.908289353837247
1264,-34.05696877081425,-31.913359613462298
1265,-34.06481496498386,-31.91850146007508
1266,-34.07262106937718,-31.923589945526206
1267,-34.08051060180488,-31.928716819230694
1268,-34.088341208428275,-31.933886420242768
1269,-34.0961392927198,-31.939043806505907
1270,-34.1040117601935,-31.94424352254799
1271,-34.11189108036641,-31.94941097187803
1272,-34.119791357164836,-31.954621592135318
1273,-34.12763493297926,-31.959782689645035
1274,-34.135517283966365,-31.96493330938511
1275,-34.14337933441093,-31.970167995966055
1276,-34.15129631912946,-31.975400511957723
1277,-34.159155886728385,-31.98065120040871
1278,-34.16707436426316,-31.985921354526745
1279,-34.17492341070322,-31.991233753306105
1280,-34.182851799326905,-31.996503309926773
1281,-34.190719334679635,-32.001801460849485
1282,-34.19865189260432,-32.007080446467526
1283,-34.20661744902072,-32.01242406056505
1284,-34.21457270813604,-32.0177527205575
1285,-34.22244751807347,-32.02306786371363
1286,-34.23040795411187,-32.02835513772992
1287,-34.238331844860134,-32.03365560464793
1288,-34.24623123841462,-32.03895519006213
1289,-34.254096513250026,-32.04428310120028
1290,-34.26206327159033,-32.049515654128925
1291,-34.26994013458062,-32.05481173291065
1292,-34.27794381014384,-32.06011724918236
1293,-34.285916383334275,-32.06549985168878
1294,-34.2938665046927,-32.06904296781159
1295,-34.30191337792756,-32.07443861718114
1296,-34.30991026898647,-32.07980948272224
1297,-34.317973986418046,-32.085213340486305
1298,-34.32603521059272,-32.09061238291094
1299,-34.334086157234495,-32.09603103047218
1300,-34.34218514334119,-32.1015270404612
1301,-34.35024619347,-32.10691146115036
1302,-34.35824498771149,-32.11233711721831
1303,-34.36624434770361,-32.11774776900103
1304,-34.37424078357284,-32.12323387373832
1305,-34.382238492694285,-32.12867675264083
1306,-34.39022815774296,-32.13413979206206
1307,-34.39827733278684,-32.13955942784315
1308,-34.40631014672971,-32.14504657000492
1309,-34.41434479322043,-32.150493008856394
1310,-34.422366373530274,-32.15585854215736
1311,-34.43040917489693,-32.16130400461986
1312,-34.43836310684704,-32.166699543257835
1313,-34.44640927372226,-32.17216069079115
1314,-34.45440366067547,-32.17760741088918
1315,-34.46246140242195,-32.18305181586657
1316,-34.470521324777586,-32.18853541414857
1317,-34.47858946322711,-32.19399633668238
1318,-34.48658620892601,-32.199517334953164
1319,-34.49452192140651,-32.2050282210538
1320,-34.502509470707835,-32.21056131337648
1321,-34.51055957541222,-32.216115876974634
1322,-34.51858030800577,-32.22167530042148
1323,-34.52657121158623,-32.22721959350173
1324,-34.534531909601775,-32.232747750731946
1325,-34.542516122430946,-32.2383312658265
1326,-34.5505487169661,-32.24385935694478
1327,-34.55852783038386,-32.24942078424576
1328,-34.56647535524353,-32.25497124934409
1329,-34.574407555402395,-32.26049747391438
1330,-34.582364993831085,-32.266103969521374
1331,-34.590285087724666,-32.27174412846488
1332,-34.598279498951044,-32.27736235052689
1333,-34.60632412199744,-32.282981509879434
1334,-34.61423376133178,-32.288690590670406
1335,-34.62216210244045,-32.294332987747886
1336,-34.63004977450641,-32.300071453794025
1337,-34.63797587496328,-32.30571413834716
1338,-34.64582549175938,-32.31143746601322
1339,-34.653754912038494,-32.317155865472536
1340,-34.66162867684014,-32.322871191059726
1341,-34.669534820298544,-32.32857974470357
1342,-34.67747421819328,-32.33430899129714
1343,-34.685413978730494,-32.34007001210879
1344,-34.69340740701799,-32.34584563039137
1345,-34.701433391631355,-32.351593469637585
1346,-34.70955302861238,-32.357370474567446
1347,-34.71760259514331,-32.36312896094265
1348,-34.725615476244585,-32.36894247610427
1349,-34.73362660538234,-32.37475791828843
1350,-34.741694247606276,-32.38057610316933
1351,-34.74980761276944,-32.3863941314413
1352,-34.757893198159614,-32.39222586314626
1353,-34.765950227578635,-32.39807145917522
1354,-34.77402316178597,-32.403948702636654
1355,-34.78213774282628,-32.40985431688571
1356,-34.790201550305866,-32.415874530423444
1357,-34.7983152533332,-32.42182449907874
1358,-34.806470399008305,-32.427743180720405
1359,-34.814687367083245,-32.433790248220504
1360,-34.82282537966376,-32.437555599388986
1361,-34.83098311402034,-32.443498754010236
1362,-34.8391346497959,-32.44947740748687
1363,-34.84730203670706,-32.45549321460408
1364,-34.855474249757556,-32.46147422590882
1365,-34.863689694766045,-32.46750272117026
1366,-34.871834024312996,-32.47353698742172
1367,-34.879976188973004,-32.479543942536814
1368,-34.88812931688811,-32.48560876371481
1369,-34.89624795528954,-32.49170529945508
1370,-34.9043592008497,-32.49782053136764
1371,-34.912515343630204,-32.50393527137762
1372,-34.92066457791276,-32.51005961417201
1373,-34.9289117962161,-32.516250186317684
1374,-34.93712034796447,-32.522507836523445
1375,-34.945377115404746,-32.528778913091706
1376,-34.953608629124574,-32.535104359464725
1377,-34.96184184030164,-32.541483142590835
1378,-34.970081148228076,-32.54796001164632
1379,-34.978317919129964,-32.554559282397555
1380,-34.98657895118902,-32.56126703097171
1381,-34.994810896394824,-32.56817731528624
1382,-35.00301043672611,-32.57518738594769
1383,-35.011194286058576,-32.5822616253228
1384,-35.01949817732033,-32.58958751797212
1385,-35.02780451281642,-32.59705935664927
1386,-35.03604316275614,-32.604564902422105
1387,-35.04436213588955,-32.612206525698724
1388,-35.052590257809186,-32.61991907709217
1389,-35.060843523468286,-32.62773243568301
1390,-35.06914846030968,-32.63557338267981
1391,-35.07743421152444,-32.643446758399776
1392,-35.08577330942153,-32.651398656036385
1393,-35.09404177982687,-32.659411492566434
1394,-35.10232485735754,-32.66746611550041
1395,-35.110586742378786,-32.67556423889111
1396,-35.1188545556388,-32.68375997459923
1397,-35.12713571289438,-32.692029891972005
1398,-35.13541504424338,-32.70038969526964
1399,-35.14363647888891,-32.708803150535516
1400,-35.15186067876636,-32.7173013200749
1401,-35.16006027527518,-32.72581695534324
1402,-35.16832566656238,-32.73444400186524
1403,-35.17661156976539,-32.743135096337326
1404,-35.184894231627226,-32.7518772291809
1405,-35.1931614317254,-32.76065632165935
1406,-35.20150153440557,-32.76943148825842
1407,-35.209861725872116,-32.778214539314966
1408,-35.21816211046443,-32.78704094689763
1409,-35.22649913073958,-32.795881377521034
1410,-35.23482267878257,-32.8047848893227
1411,-35.24320260701494,-32.813650765100036
1412,-35.25154627263968,-32.82253435857719
1413,-35.25976128919428,-32.831484447582014
1414,-35.26805973202988,-32.840434464679554
1415,-35.2763879807861,-32.84937109701348
1416,-35.2847674155432,-32.85828868639309
1417,-35.29313504252589,-32.86716589410125
1418,-35.30146718950048,-32.87605446710166
1419,-35.30983689820352,-32.884971370803584
1420,-35.318161063774156,-32.893856505465145
1421,-35.32657231673597,-32.90275343446829
1422,-35.3349283846458,-32.91162379634392
1423,-35.34330398289451,-32.92050995969462
1424,-35.35172425422311,-32.92935362232724
1425,-35.36005879415269,-32.938192287306364
1426,-35.36854395299223,-32.94699130401759
1427,-35.37690717079039,-32.9557762359624
1428,-35.385226923317916,-32.96450343376042
1429,-35.39359976046397,-32.97323794243333
1430,-35.401903219285614,-32.981959439524694
1431,-35.41020673947751,-32.99062397253812
1432,-35.418461255309154,-32.999229898879896
1433,-35.42685888337584,-33.00774659550108
1434,-35.43522963119599,-33.01620307877051
1435,-35.44350863112573,-33.024691342518906
1436,-35.45179854128092,-33.03308357423723
1437,-35.46017836925529,-33.04146424342253
1438,-35.46852264068879,-33.049795176155314
1439,-35.47690508549559,-33.05807326986983
1440,-35.48519534131272,-33.066266469743795
1441,-35.49354732909332,-33.07442005424118
1442,-35.501882772963434,-33.082500943439896
1443,-35.510214744759246,-33.0905525084261
1444,-35.5185940385311,-33.09850775446146
1445,-35.52695781506366,-33.10643985263999
1446,-35.53537403972974,-33.1142468770678
1447,-35.54372889845847,-33.122041418431316
1448,-35.55209229862181,-33.12983815127881
1449,-35.560502445918345,-33.137503415332716
1450,-35.568921712329406,-33.14517309842996
1451,-35.5773964104287,-33.152754555429844
1452,-35.5857670570604,-33.160331391912386
1453,-35.59420583015553,-33.167875779591924
1454,-35.60267223510683,-33.17546531227774
1455,-35.611110045757954,-33.18298605924957
1456,-35.61959733063673,-33.19047396841455
1457,-35.6280826313329,-33.197948561670856
1458,-35.6365711845386,-33.20210995641285
1459,-35.64499184783182,-33.2095852144854
1460,-35.65345229362697,-33.21706769595645
1461,-35.66200466906719,-33.224578332067935
1462,-35.670489762022235,-33.23207177282274
1463,-35.678925394126175,-33.23952473307582
1464,-35.687368413428814,-33.24701105488543
1465,-35.69590269748396,-33.25446957193812
1466,-35.70441960347526,-33.26192524525349
1467,-35.71288289967411,-33.26935474850881
1468,-35.7213186120271,-33.27680404541074
1469,-35.729782581935325,-33.28422174373633
1470,-35.73823679896788,-33.29159357085779
1471,-35.74668288219836,-33.298991114648764
1472,-35.75515766099239,-33.306330561050345
1473,-35.76362294903237,-33.313766861944536
1474,-35.77210277922592,-33.32112860274249
1475,-35.780592855174156,-33.328480072473084
1476,-35.789111875714525,-33.33582197352378
1477,-35.79759094578671,-33.343135303763894
1478,-35.806025694503006,-33.35046405686518
1479,-35.81454467028791,-33.35784561411203
1480,-35.823049274005335,-33.36519661900629
1481,-35.83155671369772,-33.372571709489215
1482,-35.840070576602336,-33.379878504052066
1483,-35.84863715388879,-33.38722068004135
1484,-35.857156392754945,-33.39454174238031
1485,-35.86562365401341,-33.40190334752545
1486,-35.87417783776612,-33.409259036715255
1487,-35.88261663933821,-33.416627576685855
1488,-35.891037829696145,-33.424021612809156
1489,-35.89947881414375,-33.4314460843342
1490,-35.907962230341475,-33.438806683036844
1491,-35.91645536470411,-33.44628043942988
1492,-35.92488736444349,-33.45367434861614
1493,-35.93341331995258,-33.461078453504136
1494,-35.94183960844341,-33.468470013412485
1495,-35.95028385539417,-33.47594985847185
1496,-35.95874634902439,-33.48338226943145
1497,-35.96726645018403,-33.4908102326663
1498,-35.97576977229815,-33.498208865198976
1499,-35.98425979133347,-33.505557514215596
1500,-35.992736338163546,-33.512965891643915
1501,-36.001147355406765,-33.520333756804774
1502,-36.00959383919614,-33.52769090768401
1503,-36.018019225508496,-33.535017290421
1504,-36.02648054287855,-33.542367349805055
1505,-36.03492163335294,-33.549717849222304
1506,-36.04340043531645,-33.55708494740124
1507,-36.05192690868946,-33.56452303668198
1508,-36.060350422113444,-33.57193972587557
1509,-36.06880676536929,-33.57945963878654
1510,-36.07721730494599,-33.58703175991225
1511,-36.08568717985014,-33.59466988634343
1512,-36.09414926115353,-33.60230048720037
1513,-36.102694125927286,-33.61001939559115
1514,-36.111180070206004,-33.61782790304658
1515,-36.11970583931212,-33.62566846541341
1516,-36.12823494780758,-33.63355981228519
1517,-36.136666701852675,-33.641547092049265
1518,-36.145098597013096,-33.64948936345163
1519,-36.15360195584016,-33.65754370745103
1520,-36.162070163420715,-33.66560232658745
1521,-36.17050735217016,-33.67374907920576
1522,-36.17901861196996,-33.681900329878395
1523,-36.18754395628354,-33.690062080791606
1524,-36.19598669971786,-33.69083586656973
1525,-36.20450701928579,-33.69905612599404
1526,-36.21306487563867,-33.707335494612884
1527,-36.22150772608143,-33.71559041884031
1528,-36.2300291730254,-33.72385477865957
1529,-36.23853654711913,-33.732157196218935
1530,-36.247027057646136,-33.74049408715664
1531,-36.25555818729217,-33.74884673165913
1532,-36.26403898562905,-33.757161707030555
1533,-36.272529102246665,-33.765530838030315
1534,-36.280990701640114,-33.77392056584831
1535,-36.28949185808159,-33.78230864932163
1536,-36.29795475738007,-33.7907133170235
1537,-36.3064013850247,-33.79910764383702
1538,-36.3148449339331,-33.807559144558994
1539,-36.323349454934686,-33.816044199844775
1540,-36.33177969877432,-33.824609113292816
1541,-36.34023982096301,-33.83317067567952
1542,-36.3487158296953,-33.84167848089703
1543,-36.35716925495594,-33.850230439775984
1544,-36.36560050308954,-33.85873748790722
1545,-36.37402386844293,-33.867317283575375
1546,-36.382444084336385,-33.8758297868535
1547,-36.390843808062684,-33.884431429054686
1548,-36.39922453912571,-33.89298473140336
1549,-36.407604232747815,-33.9015781788958
1550,-36.41601187614479,-33.910238688241975
1551,-36.42448193745878,-33.91884175223168
1552,-36.43288562346087,-33.927467371980846
1553,-36.4413682209892,-33.93613897969704
1554,-36.44980037568697,-33.944809628426434
1555,-36.45821489526874,-33.95353589759441
1556,-36.46660027048496,-33.962211508911786
1557,-36.474978644084494,-33.97091090738496
1558,-36.48331653494753,-33.979649956465174
1559,-36.491703432660074,-33.98838840455196
1560,-36.500100072143084,-33.997098795122064
1561,-36.50846254211587,-34.005774195828394
1562,-36.51686669563433,-34.01446302496541
1563,-36.525292217421445,-34.02310247246822
1564,-36.53373142517434,-34.031729243322154
1565,-36.54215872425395,-34.040308360118736
1566,-36.5505961637256,-34.04882781538276
1567,-36.55903648304623,-34.05738688868225
1568,-36.56746041869071,-34.06591302759229
1569,-36.57590493866707,-34.0743626645281
1570,-36.58426376795805,-34.08285304693221
1571,-36.592714642378795,-34.09122174385736
1572,-36.60119643886772,-34.099593465252795
1573,-36.60964383477903,-34.10785656805396
1574,-36.618067660434676,-34.11610244670105
1575,-36.62647023996845,-34.124395523279
1576,-36.63487578114848,-34.13266122070725
1577,-36.64326465173657,-34.14091328428429
1578,-36.65170115410592,-34.14916329843192
1579,-36.660073095963845,-34.15740645928812
1580,-36.66847076606499,-34.165658032809766
1581,-36.67691567699158,-34.17384101040468
1582,-36.68531727526897,-34.18200111042698
1583,-36.693711493928504,-34.19013080521912
1584,-36.70219481348758,-34.19825422830895
1585,-36.71060358690612,-34.206396968287066
1586,-36.71902113581218,-34.21454076551952
1587,-36.72743571202618,-34.2226148474122
1588,-36.735836891929246,-34.23068346380527
1589,-36.744240845135224,-34.23862683511197
1590,-36.752680222941116,-34.24663204268364
1591,-36.761088074659156,-34.25459321428917
1592,-36.76950997425763,-34.262488751142406
1593,-36.77791890473093,-34.27039907053919
1594,-36.78629604388105,-34.278275949643415
1595,-36.794713822786555,-34.286114451632145
1596,-36.80309147248774,-34.29391144163156
1597,-36.81144622779231,-34.30167358334503
1598,-36.81979150786293,-34.309397397668924
1599,-36.828188730097146,-34.317162215299106
1600,-36.83656231787503,-34.324854395279864
1601,-36.844851039393724,-34.33248852606605
1602,-36.853199867069605,-34.34013597757003
1603,-36.861551433893865,-34.347794275798016
1604,-36.86995491751192,-34.35541562778212
1605,-36.878277453829675,-34.36301714933218
1606,-36.88662624908761,-34.37058548374646
1607,-36.89501722446773,-34.378155965067116
1608,-36.90336771585654,-34.38573762879513
1609,-36.911739797247805,-34.393259793360045
1610,-36.92017520434976,-34.40075140122537
1611,-36.92859572590556,-34.408275892455244
1612,-36.93701532147078,-34.41581400731483
1613,-36.94537681293521,-34.423310258089
1614,-36.95374055307308,-34.43084391959963
1615,-36.962077397862,-34.438383399578015
1616,-36.97043798017007,-34.44593318883203
1617,-36.9787582795356,-34.45344660216049
1618,-36.98710938714911,-34.4609278157548
1619,-36.99539629814965,-34.468435222822905
1620,-37.00373627477016,-34.47589300604925
1621,-37.0121222864045,-34.48341151873009
1622,-37.020503008195206,-34.49085053287862
1623,-37.028812563527886,-34.49832750723154
1624,-37.03712700990621,-34.50582485974274
1625,-37.04542778037298,-34.51328353231218
1626,-37.05377068692459,-34.52084401963557
1627,-37.06214920138846,-34.52844049085132
1628,-37.07042252810094,-34.535983366997414
1629,-37.07871674558759,-34.543606297882306
1630,-37.08704193542659,-34.55119775091858
1631,-37.09532241798112,-34.55875583148212
1632,-37.10366595047397,-34.56629258522617
1633,-37.11200275707916,-34.573822774446604
1634,-37.12036883994989,-34.58142862383555
1635,-37.12869345479958,-34.58899432287406
1636,-37.1370162384665,-34.596579564789074
1637,-37.14532749027488,-34.604223511339974
1638,-37.15363283616876,-34.61183463653114
1639,-37.161945081122674,-34.619458743516034
1640,-37.170318835172544,-34.62710491607798
1641,-37.17865315050066,-34.63481447878971
1642,-37.18703497693687,-34.64251046187393
1643,-37.19533100385131,-34.65020391268454
1644,-37.20372422635124,-34.657968138413246
1645,-37.212064324459156,-34.66571528423457
1646,-37.22039669251439,-34.673512955041616
1647,-37.22876559827135,-34.681255397498234
1648,-37.237105189431105,-34.68913486615208
1649,-37.245531540584885,-34.696962885132514
1650,-37.25388173849677,-34.7048126794906
1651,-37.26231218599686,-34.71277777314361
1652,-37.27064950011576,-34.72072683390468
1653,-37.278997739498266,-34.728686676419336
1654,-37.287434807354,-34.73663245785578
1655,-37.2958206265435,-34.744611788821
1656,-37.3041928582666,-34.752602372907305
1657,-37.3125361714299,-34.76057004819037
1658,-37.3209143762504,-34.768592198014865
1659,-37.329286858145984,-34.77657857669661
1660,-37.337578786558716,-34.78464343033418
1661,-37.345955760552044,-34.79268557302154
1662,-37.35430717772058,-34.80070446749228
1663,-37.362699686914006,-34.80876526869709
1664,-37.371060526319745,-34.81678295982231
1665,-37.37942826914765,-34.82488060590082
1666,-37.38777543073217,-34.83301676533543
1667,-37.396149645289285,-34.84108037336759
1668,-37.404529971197846,-34.849211051114715
1669,-37.412918152221124,-34.857273199611335
1670,-37.42128150623096,-34.86536135888721
1671,-37.429691346255055,-34.87337419344871
1672,-37.438069906321,-34.88147790268148
1673,-37.44641703841216,-34.88955004758506
1674,-37.45476877423885,-34.89765034951328
1675,-37.46312815699864,-34.90582975857937
1676,-37.471505597287845,-34.91399471131806
1677,-37.47986486153014,-34.92218052918788
1678,-37.488164187432346,-34.93031915357532
1679,-37.49649719305753,-34.938499143386785
1680,-37.50485880743951,-34.94669566899702
1681,-37.513199064510644,-34.95488403083612
1682,-37.52155791254588,-34.96310889658199
1683,-37.52986883858062,-34.97133106923325
1684,-37.53822607621342,-34.97956935301208
1685,-37.54662105897279,-34.98776770391497
1686,-37.55493210228583,-34.99596643377812
1687,-37.56324593938239,-35.00418175669239
1688,-37.571550286891664,-35.01247312377678
1689,-37.57979260162756,-35.02074429423188
1690,-37.58810766736766,-35.028993700527
1691,-37.596404833037056,-35.03726010930545
1692,-37.60462942065837,-35.045521061355174
1693,-37.61288978053979,-35.05377695697199
1694,-37.621152682434385,-35.06208690091203
1695,-37.62940690340206,-35.07038841756857
1696,-37.63765381291397,-35.07863255835963
1697,-37.64587465717965,-35.086862944994174
1698,-37.65409493417144,-35.095077358692755
1699,-37.66228824615005,-35.10325406990044
1700,-37.67052488620269,-35.111414176561304
1701,-37.67873324731596,-35.11956831020856
1702,-37.68698812103081,-35.127736988958986
1703,-37.69515706854134,-35.13589013446456
1704,-37.70334833981489,-35.144065252872636
1705,-37.711529764531335,-35.152131720476945
1706,-37.71977136939163,-35.16023422052882
1707,-37.727946058182745,-35.168275134987034
1708,-37.736163485753735,-35.17630852406813
1709,-37.74442020977294,-35.1842926743521
1710,-37.74573853545679,-35.192244541173714
1711,-37.753990795608665,-35.20019447841232
1712,-37.762234040502136,-35.208111742448644
1713,-37.77044056341122,-35.21604148669052
1714,-37.77866010796987,-35.22396320270643
1715,-37.78689293566549,-35.23184600376383
1716,-37.79509934534004,-35.23969733654857
1717,-37.803351039792794,-35.247577373399345
1718,-37.81156801490192,-35.255493891423995
1719,-37.81976386693331,-35.263339100381394
1720,-37.82795522738693,-35.27120263264013
1721,-37.836140155716826,-35.27900523490288
1722,-37.84436042080664,-35.28685468179144
1723,-37.852588774486,-35.294736470344965
1724,-37.86080848426501,-35.3026098339433
1725,-37.86902581298803,-35.310419954263665
1726,-37.870005051866,-35.31821635932553
1727,-37.87817413018327,-35.32596598780452
1728,-37.88632644125722,-35.333667439884564
1729,-37.89447382285081,-35.34131719123093
1730,-37.90259781959745,-35.34890237110033
1731,-37.91069537909696,-35.35649353176357
1732,-37.918780449808025,-35.36406969480442
1733,-37.9269707259185,-35.371609924275724
1734,-37.93508452070602,-35.3791304897313
1735,-37.94326176881137,-35.38661963499163
1736,-37.95145139538635,-35.39410704471713
1737,-37.959625150275805,-35.4015729562672
1738,-37.967745843340666,-35.40898915209874
1739,-37.975792697328835,-35.41640607259909
1740,-37.983941996705035,-35.423748944819316
1741,-37.99207229993285,-35.43107498407532
1742,-38.000196628207206,-35.43834653363978
1743,-38.008308059815604,-35.44561603367933
1744,-38.009253920566145,-35.45284454125423
1745,-38.01735287976211,-35.46003128879178
1746,-38.02548947443558,-35.4672255805825
1747,-38.03358795525873,-35.47438965832007
1748,-38.04162847427998,-35.48151457799684
1749,-38.04968758455579,-35.48865923825783
1750,-38.05780863832556,-35.495742858952845
1751,-38.06588938027066,-35.50275194277294
1752,-38.0739502749723,-35.50970755389578
1753,-38.07491416805052,-35.5167174561466
1754,-38.083000928667225,-35.523669443765975
1755,-38.08455764876837,-35.530579121692
1756,-38.09260984999895,-35.53747416865559
1757,-38.100684211543836,-35.544345388162675
1758,-38.1087106558794,-35.5511178630832
1759,-38.1167284622198,-35.557868733373645
1760,-38.124819678578746,-35.56454349783068
1761,-38.13281593866285,-35.57119085599316
1762,-38.14073244628828,-35.57782695763774
1763,-38.14861036032406,-35.58441141947066
1764,-38.15644116646237,-35.59092888615974
1765,-38.16431837915689,-35.59737808603213
1766,-38.17222422172821,-35.60380137558498
1767,-38.180058205032836,-35.610171165655785
1768,-38.18791732869774,-35.61652223567177
1769,-38.19576351015135,-35.622830063980544
1770,-38.203555266196496,-35.629102798558144
1771,-38.21139167254593,-35.63532423076928
1772,-38.21921298124953,-35.641562993653594
1773,-38.22703677408108,-35.64780947046199
1774,-38.234844663486435,-35.65409403694328
1775,-38.24264296952539,-35.660464782066
1776,-38.250497895098405,-35.66687829137236
1777,-38.25833401144595,-35.673359949054124
1778,-38.266202262212566,-35.67998218463718
1779,-38.27403759432008,-35.68656195151959
1780,-38.28183922352193,-35.69325888819385
1781,-38.28960172727627,-35.69999739671665
1782,-38.29741249248598,-35.706781912830444
1783,-38.30521769918583,-35.71363839900652
1784,-38.31299362824131,-35.72054513851793
1785,-38.32075707510369,-35.72754766239598
1786,-38.3217830984841,-35.734539162622134
1787,-38.32957019550613,-35.741557171218524
1788,-38.33733057956333,-35.74869277209106
1789,-38.34508530340582,-35.75583905213008
1790,-38.352779051393604,-35.7630587317026
1791,-38.36056099082744,-35.770303360840046
1792,-38.36834480559699,-35.777634485101146
1793,-38.376117402294774,-35.785033775135794
1794,-38.383889397818336,-35.79241514805698
1795,-38.39168544341261,-35.79984047359772
1796,-38.399427004367006,-35.80728151465834
1797,-38.407157978141754,-35.814770690728764
1798,-38.41488472084339,-35.82234312966479
1799,-38.42260999670504,-35.829953141257434
1800,-38.430271412736936,-35.83757132747834
1801,-38.43798982775477,-35.84522634442684
1802,-38.44567417402897,-35.85292539707355
1803,-38.453343983200334,-35.86065837906273
1804,-38.46102827933679,-35.868417275216494
1805,-38.46869378191095,-35.87617202736713
1806,-38.47639919852384,-35.88403291103878
1807,-38.48406097421528,-35.891860860121774
1808,-38.49172714825212,-35.899758641853545
1809,-38.49937178797931,-35.90769191340759
1810,-38.50702277769345,-35.91567825742637
1811,-38.51468663811144,-35.92365135409751
1812,-38.52233039864674,-35.93166250727095
1813,-38.53000899525579,-35.939675344486034
1814,-38.53763794867297,-35.947677741271356
1815,-38.545348251003574,-35.95570637864127
1816,-38.55292435977625,-35.96374375521731
1817,-38.56055579447066,-35.97185491254495
1818,-38.568159385377854,-35.979868109797025
1819,-38.57572659444567,-35.98787237852575
1820,-38.583354213787395,-35.99587453614476
1821,-38.59087010174529,-36.0038345345129
1822,-38.598403052332905,-36.01179633389281
1823,-38.60596934904306,-36.01970527734117
1824,-38.61350436220752,-36.027574680513
1825,-38.62108097544334,-36.03542291297133
1826,-38.62869709370312,-36.04329117104631
1827,-38.63631444826601,-36.05110195212606
1828,-38.64388528775323,-36.05891516999071
1829,-38.65147900954302,-36.06668631599481
1830,-38.659033916579254,-36.07440253449308
1831,-38.66661390931323,-36.082090848102034
1832,-38.67419190120142,-36.08976111576556
1833,-38.68180782187477,-36.09736424000129
1834,-38.68306484202853,-36.10491457164579
1835,-38.684229730479785,-36.11241742203686
1836,-38.69184494418601,-36.119841454683836
1837,-38.699394434654145,-36.12723661368336
1838,-38.706998060508255,-36.134590858057095
1839,-38.714612621360615,-36.14190513125335
1840,-38.722185110403785,-36.14919629337417
1841,-38.72971261052297,-36.15641167725434
1842,-38.73723131245576,-36.16361587758699
1843,-38.744744686008204,-36.170763598562026
1844,-38.75224490607123,-36.17781107942864
1845,-38.75978789963465,-36.18480590786934
1846,-38.76728836487333,-36.19176866021288
1847,-38.77480388407867,-36.19864917544918
1848,-38.78235600091797,-36.20555445745438
1849,-38.78991949771666,-36.21243260943585
1850,-38.79745335262649,-36.219171228586944
1851,-38.7986612211072,-36.22585949292305
1852,-38.806214093363806,-36.23253187864741
1853,-38.81375827822575,-36.239158930462644
1854,-38.82129941304114,-36.2457676577437
1855,-38.82884480336889,-36.25231638121266
1856,-38.83643742260198,-36.25883108303124
1857,-38.84399635898985,-36.26531686924911
1858,-38.851521656349036,-36.271767326308606
1859,-38.85900846351674,-36.27819503784032
1860,-38.86652730133002,-36.28457610587625
1861,-38.87405412162979,-36.290911903037326
1862,-38.88154404085155,-36.297269795659695
1863,-38.88904924037995,-36.30355353281238
1864,-38.896514475366494,-36.30985186442472
1865,-38.89777950495228,-36.316115952226795
1866,-38.90520679729333,-36.32236062870986
1867,-38.90623665766747,-36.32859740798691
1868,-38.913646811905615,-36.33483967309577
1869,-38.921037761942976,-36.34102851934881
1870,-38.928474584719474,-36.347204081371736
1871,-38.935920426343664,-36.353320792602815
1872,-38.93708038222416,-36.35942381671953
1873,-38.94444911126778,-36.36547963197043
1874,-38.951881978821,-36.37155511647146
1875,-38.95926082149265,-36.37755490594867
1876,-38.96659668218667,-36.38354106023349
1877,-38.973944721162674,-36.38952632508983
1878,-38.981269095630736,-36.39544918113865
1879,-38.98856527359408,-36.4013872598207
1880,-38.995839581034105,-36.40732972223929
1881,-39.00306726325366,-36.413231791341545
1882,-39.01030425051989,-36.41914421986166
1883,-39.01749210019846,-36.425080857930354
1884,-39.02471824856875,-36.4310030322743
1885,-39.031914071376654,-36.436857882479906
1886,-39.039067735267416,-36.44266751675128
1887,-39.046264924493514,-36.44851709746164
1888,-39.05341630315723,-36.45434061014799
1889,-39.060528705379355,-36.460133092973486
1890,-39.067648363557275,-36.46589242327671
1891,-39.074743233596045,-36.47159111990124
1892,-39.081916934161185,-36.4773140280895
1893,-39.08901010696491,-36.48302551957732
1894,-39.09609780032742,-36.488674356419985
1895,-39.103189273897236,-36.49433029028624
1896,-39.110302801339074,-36.49996004299323
1897,-39.11738727804517,-36.50556961796546
1898,-39.1244634636462,-36.511204305163005
1899,-39.131585297776596,-36.51681394500375
1900,-39.13862759306409,-36.52239906838919
1901,-39.1457032788105,-36.527947111272816
1902,-39.15280444709163,-36.53347550039069
1903,-39.15987963624377,-36.53901390786773
1904,-39.16691582342737,-36.54453745594034
1905,-39.17402144352488,-36.55010615883372
1906,-39.18104078940144,-36.55565020765644
1907,-39.18808809256201,-36.56120573132861
1908,-39.19517929748945,-36.5667863728664
1909,-39.202236539827005,-36.57236671432614
1910,-39.209253740753816,-36.57790061835153
1911,-39.21624213556541,-36.58343725728732
1912,-39.22328263836101,-36.58896324057353
1913,-39.23034415474303,-36.59453173612393
1914,-39.23738325146912,-36.600106023494064
1915,-39.244398670181376,-36.605657994755525
1916,-39.25148443713543,-36.611265244249935
1917,-39.258501719021176,-36.61685801885391
1918,-39.26556459553656,-36.622390316964996
1919,-39.27255005573806,-36.62799984772652
1920,-39.27963327249485,-36.63359686147119
1921,-39.28666207000466,-36.63918691046301
1922,-39.29366410209013,-36.64480437908853
1923,-39.30070574878743,-36.65050783002174
1924,-39.30771264195973,-36.65619649019355
1925,-39.31479741086158,-36.66192313182662
1926,-39.32186045713418,-36.66767832547421
1927,-39.328861191947425,-36.67350209704329
1928,-39.33584850913732,-36.679372098255556
1929,-39.3427974864434,-36.68527046311574
1930,-39.34979094284726,-36.691204639865774
1931,-39.35675541246297,-36.69714947745634
1932,-39.36368096532063,-36.70316164067383
1933,-39.370613530869164,-36.70917338293961
1934,-39.37753209293487,-36.71519171455977
1935,-39.38447331370878,-36.72125050649986
1936,-39.3913962579638,-36.727294528385016
1937,-39.3983072994256,-36.73344119417287
1938,-39.40517357610929,-36.739555803425276
1939,-39.41199070417911,-36.74572570130887
1940,-39.41883161410462,-36.75190546941524
1941,-39.42567429321243,-36.758102390750565
1942,-39.43252560268458,-36.76434601558005
1943,-39.43934940622366,-36.77060350020018
1944,-39.446194973940045,-36.776876774257516
1945,-39.45302428707656,-36.783190800139664
1946,-39.459851496906694,-36.78950933525804
1947,-39.46669696359397,-36.795875800965504
1948,-39.47349022438643,-36.802272345097535
1949,-39.48034272653222,-36.80866874178878
1950,-39.487149912548176,-36.81507948875042
1951,-39.49390334653429,-36.821486955239436
1952,-39.50071786664017,-36.82790506963271
1953,-39.50752157731282,-36.83439855175677
1954,-39.514327391296696,-36.84090469823929
1955,-39.52109492119177,-36.847403140401596
1956,-39.52785442942447,-36.853876394271
1957,-39.534578005781945,-36.86038002220555
1958,-39.54132394216816,-36.866927766056094
1959,-39.548054685783384,-36.87349200542673
1960,-39.55478597918325,-36.880076566951786
1961,-39.561527879415955,-36.8866502509357
1962,-39.56823811092729,-36.89320621733422
1963,-39.57492442992822,-36.89979438375467
1964,-39.58163962303373,-36.906361493810486
1965,-39.588377044581776,-36.91293563286767
1966,-39.595109563767124,-36.91951556703124
1967,-39.601891933699406,-36.92614982551872
1968,-39.608612435084034,-36.93278187037339
1969,-39.615329562383806,-36.93941223192238
1970,-39.62202245074431,-36.94602991873213
1971,-39.62874653391167,-36.952646969434184
1972,-39.63543306552909,-36.95347186683643
1973,-39.64213642551273,-36.96008611244977
1974,-39.6488290058328,-36.966637669249685
1975,-39.65549006028393,-36.97324202471267
1976,-39.6621549283161,-36.97987369371524
1977,-39.66886240695308,-36.98648310714834
1978,-39.67557684455718,-36.993084730838895
1979,-39.682240116702715,-36.99969545387804
1980,-39.68890845296297,-37.006298553264685
1981,-39.69563520333313,-37.01293357735042
1982,-39.702320229620994,-37.01953152458931
1983,-39.70896186205049,-37.02611094151374
1984,-39.71558331137574,-37.03266404022877
1985,-39.72222218172731,-37.039245316050874
1986,-39.72888347842958,-37.04583125582332
1987,-39.73549569568417,-37.05239363898918
1988,-39.7421614931342,-37.05892552417312
1989,-39.74878309540912,-37.06544585724506
1990,-39.755421615344574,-37.071982988348154
1991,-39.76209261558965,-37.07852915010856
1992,-39.76881511336408,-37.085075265835876
1993,-39.77543730856112,-37.09158757593781
1994,-39.782061054670535,-37.09807330546317
1995,-39.78869736142329,-37.10452250633402
1996,-39.7953194594946,-37.11104317378054
1997,-39.80195285186172,-37.11750420635227
1998,-39.80856286722461,-37.1239827728022
1999,-39.81518347909555,-37.13049869696999
