,0,1,2,3,4
0,75.24272263894869,10.0,17.466224807876724,10.0,10.0
1,147.2970971459741,29.493562230524027,34.10796670560484,10.591748823455516,18.505229631201786
2,98.75598869816272,132.9020722218049,26.619816225995585,6.802386977495509,12.118429121987461
3,72.79911932303355,105.44670333315733,21.025597559090205,5.354612200171687,10.820961926595956
4,54.650333662637685,80.84850055553827,16.752609187030586,4.920831913649436,9.24355618104064
5,46.93220206448684,65.15806503899127,12.750521050427448,4.3784461289221515,7.832008473123869
6,37.801881869698924,58.45708587072019,10.419897615380888,4.035861178126164,6.75972348869311
7,33.587852145206035,48.78368700592163,9.140530952207692,3.7873018135785297,6.281110570930162
8,30.933510250474455,43.77462120010303,6.849713605031309,3.611103982491979,5.571900692724046
9,27.19742736462,36.50660083218466,6.3163978621546475,3.4245311717925953,5.163822613958187
10,24.342416741266284,26.58200174815107,5.970597736472949,2.9081617983578907,4.681458414797723
11,21.90403040996269,25.256864924386548,5.479821942516713,2.812200706586679,4.461503527542333
12,18.79996363008122,23.36976926037984,4.728517194871387,2.7688131107031544,4.207615173280406
13,17.361913735095293,20.57081850662425,4.425005518331015,2.7322266347023874,3.6231388889140352
14,15.6197737971202,18.50444151557955,4.2101593373755755,2.6908643567347195,3.3631753062319225
15,14.58751664608362,15.995536465724513,4.041461110846651,2.6110726000868887,3.247016882793964
16,13.847190357937453,13.784744834503755,3.89328149964144,2.6055622829443164,3.083298462322873
17,12.428081997833052,12.901235152970683,3.7821433999330925,2.5971371321183163,3.015589463863517
18,11.087202781482526,12.211028450593034,3.5930742548254435,2.6513324218779046,2.9143429954612303
19,9.82029609736616,11.592908286277517,3.4788738671611874,2.6700881225930897,2.8702447811821816
20,8.480200902989198,10.76363849369052,3.348244620692855,2.692148829887745,2.7886992907972568
21,7.992583711238455,10.324655555357348,3.2163587268874796,2.7564865710984137,2.701620720979908
22,7.450968616658391,10.011514622025386,3.1234837430579496,2.870775606604469,2.659045705661178
23,7.13244883825432,9.512788093945181,3.030501473298656,3.015688294487067,2.62014849654728
24,7.015331268888091,9.202615089246205,3.0458617796544947,3.0806704402750356,2.5791511433532435
25,6.827029824913248,8.950394243392942,3.030892250097032,3.138899454817376,2.5762650993152914
26,6.685857953487838,8.727634033673372,3.0058558832753617,3.1709470562229627,2.5183264937959438
27,6.5477121393934,8.524997419108635,3.0610583128912245,3.2436442719021312,2.5239681173448583
28,6.425081829878396,8.29187153053537,3.0517282980946647,3.2647665603668483,2.5162768417619654
29,6.0730634437583735,8.101438439590154,3.04915653551666,3.282979910526701,2.521997205557225
30,5.5408307042013,7.8951546219770465,3.1294157555029045,3.278563565816054,2.519040321236097
31,5.467451210163351,7.668590861104356,3.1285693473402985,3.289782505884677,2.5437111243849277
32,5.070562361899871,7.586168811025441,3.1226525203780215,3.302439714938827,2.5637865433445803
33,4.761397709844052,7.429322409682987,3.1242436030335043,3.305843024666044,2.5740847748769027
34,4.51308858171596,7.142901095906248,3.10925139798133,3.2908865751609944,2.618605895887039
35,4.3094125272017285,6.4634497937932265,3.1313769540526275,3.2787208916177457,2.6194893116569262
36,4.1582919413915524,6.298421066114756,3.1814143759495113,3.258420287451417,2.6279489714181077
37,4.014889743962757,6.1190494564414175,3.174511398849626,3.232196666922502,2.639365104056139
38,3.8852675056568664,5.994230941910966,3.1560376184007914,3.197766682117914,2.6484660158399858
39,3.769109638238348,5.911879627236817,3.135049011513176,3.1692715369202302,2.650695132754956
40,3.654828774574336,5.81065483644287,3.1210549023664154,3.1363645781163805,2.6668623600407204
41,3.558336415873888,5.676649665250702,3.121826747429996,3.101286550291947,2.6785516211655853
42,3.4638591742550475,5.602213147372558,3.107297058207797,3.069333862809549,2.684741329369101
43,3.3814291709851942,5.496068306767017,3.098424838114713,3.0407505664175085,2.7500438432230996
44,3.2992276198873127,5.272858923813945,3.087203230559426,3.0109356946369923,2.8177023870433553
45,3.2253750568298805,5.156383543547577,3.0625408774732406,2.9771867311330578,2.8171605201400145
46,3.1574928214025917,5.087474402325529,3.056438911463185,2.9523041738447304,2.817075736285643
47,3.089768255201189,5.032487943777354,3.0378408913950286,2.924712842409436,2.8149770615509886
48,3.0249656112796774,4.89900154053003,3.0190540545774307,2.8957607780941563,2.805341930546451
49,2.9634060061966365,4.737442343012068,3.0217079366638453,2.867369160497018,2.806094046511878
50,2.9056270960977293,4.56852086382281,3.0104734079965207,2.8422233775680135,2.797232684054785
51,2.8482182119259587,4.410636436863023,2.9927467165424377,2.8205338774623976,2.7663730384217886
52,2.796148798736337,4.288745059067619,2.985420107165843,2.795468798772295,2.747712619466128
53,2.746620087761037,4.240323727718055,2.977454018945462,2.77145048410913,2.7112669942985037
54,2.698606024938144,4.16714877339315,2.9670014013688566,2.7493184722523587,2.6732636204631044
55,2.6527254739698845,4.065306232589962,2.9384430483704294,2.7229958131268557,2.6599793975399497
56,2.6069402986337167,3.973488336511634,2.929523836439989,2.7006186401285497,2.6335764739105656
57,2.564560991976139,3.880451423164742,2.916219953204083,2.677778872402802,2.602373199214322
58,2.525243686532742,3.8583681310775395,2.91155475015075,2.657286610118188,2.574281784319983
59,2.487028835813815,3.8380016656203084,2.897013303058945,2.636019993504124,2.545515073896879
60,2.450357185691395,3.7799831147209515,2.885890622194926,2.614641516160062,2.512501290038867
61,2.4159653180372183,3.7586852653813834,2.8737531118366233,2.594933747142292,2.4800445400039965
62,2.383459963626792,3.6924003789624704,2.8567490231554005,2.5860853851666685,2.4584253603268604
63,2.3519168103338135,3.6288171479347895,2.8492540444107965,2.566211014620037,2.427449515248947
64,2.3207806076222064,3.570154410843407,2.839266767543862,2.5495506695361203,2.395142732077113
65,2.2913121228102273,3.5124432857951335,2.826692278411121,2.5357785663060843,2.365303093150792
66,2.2629671806762284,3.496246479478838,2.818350253707069,2.521333757922344,2.3350561459491757
67,2.233341182380948,3.446349319829669,2.8136155294053578,2.504213512634708,2.3071799966746216
68,2.2062544476006325,3.405417735214501,2.807095717024864,2.485822753111158,2.282251076890813
69,2.1808636978966787,3.352881161252529,2.797906374822222,2.471052266500298,2.2549508028810794
70,2.1556879722761906,3.3059243249229042,2.7972294204101775,2.4552125662213653,2.230784700830455
71,2.1328735589142553,3.256564612320933,2.7880751149920484,2.4402285054882213,2.2052059029228737
72,2.108230169377993,3.213014244744185,2.782460642988044,2.4246850602403596,2.1803459601532897
73,2.085385795402248,3.174139751648262,2.7785931660680943,2.4105016980238094,2.1559144698899826
74,2.0635071196822246,3.135154104207692,2.770605692637204,2.3949827933488277,2.1340371596504286
75,2.0427411867923255,3.0978940100116104,2.759082976907432,2.3931979195843907,2.1119750195076024
76,2.0228941051793887,3.063107742073175,2.771227126901898,2.3789972713322416,2.0914740658386126
77,2.003033459727283,3.0306730295847135,2.764104884105534,2.3664454605202523,2.070298187428156
78,1.9835363920524132,2.9956911537891306,2.767873448320146,2.3549215075607077,2.051214775800233
79,1.9642317737359343,2.963625975407687,2.771553249980407,2.342678907969282,2.0344760371124937
80,1.9465495830668607,2.933773592008997,2.7658903107558936,2.3308973290158193,2.011542026595723
81,1.9281271603176038,2.9060670205547274,2.7620591909834196,2.3182888043538927,1.9943802267247672
82,1.9090733012397187,2.8772575123423976,2.758652762440526,2.305291037125562,1.9762568388940636
83,1.8916776416101388,2.8490077005479915,2.7522325829272347,2.2944433050110358,1.9605306859214562
84,1.875382894594792,2.8223469550805995,2.7473098639369162,2.2821851402031736,1.9446674891389015
85,1.858422237771478,2.797050879880712,2.749794500002804,2.270257368042342,1.9269449310326185
86,1.842781364282739,2.7712398210493068,2.746715729284719,2.257776939700259,1.9106623471137847
87,1.8266964132233503,2.7448760331936284,2.742307782327498,2.244596420815448,1.8957242535649648
88,1.8124484004691623,2.722641673821927,2.734182773232174,2.2336761454386194,1.88160506769446
89,1.7962508249207658,2.703174441013969,2.7329046015907723,2.222577837884828,1.8652518082647018
90,1.7822203297063288,2.681203482855596,2.7293097046188826,2.2111800860591053,1.8499223698489085
91,1.7684915416270668,2.6596323939045976,2.7296306017892173,2.20091311387619,1.8372721751645797
92,1.7555140893113417,2.637988517939987,2.7235824625518554,2.1904198099840775,1.8252467931154257
93,1.7425207649182637,2.617491963382148,2.72113388467708,2.179651420308749,1.8099270601081623
94,1.7290810996079733,2.597794988318484,2.7268169691753563,2.168767698580877,1.7980948017164289
95,1.7164328069872044,2.5762823373702686,2.7361649304464444,2.1581024950800827,1.7867671226831174
96,1.7041942049577217,2.556068355323103,2.7247112432899683,2.1489838673604598,1.7745065074030402
97,1.6916316315382363,2.536663461439713,2.721412737028327,2.139419992417822,1.7616188628908207
98,1.6798038106833353,2.5181876619068926,2.72453634852002,2.1298042053229507,1.7491840127991851
99,1.6684817651063393,2.4997711177422124,2.7174596043659682,2.119980345016142,1.738638963580044
100,1.6573282496894823,2.483265397632533,2.7090303303931047,2.110140104237472,1.726923831600912
101,1.6454125989596662,2.4640108340219475,2.7057247648728344,2.1005539265079687,1.7164196552029496
102,1.6351544157866649,2.4464186540743347,2.6939834845960746,2.0911479345543817,1.705693926204669
103,1.6246205567746363,2.429409802526151,2.6896434880366398,2.0814769980570027,1.6945360189294154
104,1.6126935318228646,2.414810522841587,2.6844597854365153,2.0715764473490217,1.683815853040015
105,1.6022500144422194,2.3996522002247676,2.678337852638609,2.06336773085777,1.672309816029849
106,1.5916733915435337,2.384545757541182,2.669184017179894,2.0541948602099755,1.6622615479543164
107,1.5830332509463982,2.370111220887525,2.6677895753693455,2.0445968508873587,1.6532891076283873
108,1.5741489483496833,2.3566158084603166,2.6597595600971147,2.0356523508847135,1.644824385186214
109,1.5649372407384663,2.342578782641382,2.6516830951848744,2.027761075168902,1.6347268272893167
110,1.5562908776891986,2.3274650038188165,2.6536875699209572,2.019462774701125,1.6255299115843902
111,1.5479025102177557,2.313021935751438,2.6483731307993135,2.011097666339484,1.6148395882521849
112,1.539177422539991,2.30090452886732,2.6434115862466423,2.0031779084008368,1.6062455254607306
113,1.530549522485465,2.2870820062702792,2.6056839560997918,1.994025317951934,1.5972018577769
114,1.5214056415187596,2.2737585129648368,2.596137071913544,1.9868069476939005,1.588397828790429
115,1.5125048812960602,2.2613290459864044,2.5924228523846296,1.9862318034203272,1.5811260777813159
116,1.5042252729394348,2.2481733022086097,2.5851351716079205,1.9776760540687361,1.5731087679420768
117,1.4954043638606722,2.2368634176293978,2.558196133470471,1.969488918537153,1.5640322565616316
118,1.4877187410574748,2.224321147878128,2.555968643939486,1.961587425077824,1.555978856216349
119,1.4793764442315804,2.2129272729291323,2.5439388885909264,1.9540333026610133,1.5482598774699998
120,1.4724595034228516,2.201450734499116,2.542813419576543,1.9469937556633699,1.5396584230717865
121,1.4650605097562648,2.1895846988802248,2.5131931585641225,1.939418247373134,1.531367774702845
122,1.4572186980755384,2.1778659548447337,2.505909010222314,1.9320601571226652,1.52227792376685
123,1.449352389355541,2.1685443295608935,2.505706681724675,1.9239287314602866,1.5146191665570656
124,1.4425305476406265,2.1597135196795234,2.4975255013193465,1.9168754269413508,1.5084725891197248
125,1.434823851213226,2.149090937772134,2.481439783072385,1.9096479500776573,1.5000000666088846
126,1.4280946580523248,2.1398445627154854,2.471488406443402,1.902174930178893,1.4929777686769774
127,1.4216080551223689,2.130424269239216,2.4633800313135024,1.8954482863957858,1.485470503559719
128,1.4147011128798916,2.1214902870508032,2.4605578645829236,1.8890579128553402,1.4784588690183926
129,1.408127530810819,2.115713069241821,2.4622617986317406,1.8829815710589022,1.4716274612936362
130,1.4018006000167769,2.1065293420368034,2.469299235172556,1.8757211698127108,1.4643097245481962
131,1.3951135487707802,2.0971418778912425,2.464085202345451,1.8687356077760715,1.4575751919728084
132,1.3885543920572825,2.0918930156553466,2.4611998620327236,1.8620929451853343,1.4501042134990354
133,1.3816987456380199,2.08250155289479,2.4605357718806222,1.8556151747105027,1.4437821241107014
134,1.3756861686658268,2.073760940727239,2.4585742548768317,1.8499205483707455,1.4375428454758887
135,1.3695580604438182,2.06495865007516,2.45613768555415,1.842588060619956,1.4309574118771753
136,1.3634143544961053,2.0560836538020313,2.454030367214928,1.8407312391789954,1.4257437869004868
137,1.3571987990435024,2.0464171975506167,2.447378275407429,1.8348310501366394,1.4192106847374486
138,1.3511828345961436,2.037302444900597,2.4443414078165797,1.828410984471641,1.4132482667146535
139,1.3452319847826077,2.0282347284056432,2.44527197793233,1.8232887192029292,1.4065357609928706
140,1.3395598932843575,2.0207781759607264,2.4423517786999187,1.8174562019298672,1.4027543353708343
141,1.3340119576070768,2.012414453795868,2.4452739381640147,1.8124492492368345,1.396551383954238
142,1.328396769163521,2.0033569486707066,2.4408286206604743,1.806870725927319,1.3903902163525819
143,1.322747429571677,2.000503257940737,2.4483016117891396,1.8011017024867286,1.3846839715313322
144,1.3176501110033352,1.9927057607239709,2.448570455994796,1.7959657040261783,1.378549169088475
145,1.3119460541922157,1.984454954405216,2.4500218938493594,1.7912533745080697,1.3734646737052838
146,1.307458001184872,1.9757685552374975,2.4483311636732052,1.786056270427543,1.3677088393865153
147,1.3020590546564559,1.9683292706535978,2.452591350273708,1.7812393510845386,1.3619408403025912
148,1.2967958664313983,1.964081481972903,2.449160749119511,1.775916506175427,1.3563175497407316
149,1.29145868411969,1.956569297983989,2.45146338029393,1.7706304688652175,1.3513169724409773
150,1.2860459865432945,1.9498941411271746,2.449590248836561,1.7656197247028906,1.346099671160544
151,1.2810823471612485,1.9444142944786658,2.4495161413552666,1.7609443298445253,1.3409860949578127
152,1.2758352050486428,1.937701729438917,2.4504491803406556,1.7555900804780098,1.336463841526527
153,1.2713670533705808,1.9313165422523602,2.450937995477518,1.7511798033550254,1.330890275111061
154,1.270522779683375,1.9243533816792207,2.454007703221914,1.7456889867145553,1.3257914430075224
155,1.2659432904894206,1.9175140126368004,2.4537288995907196,1.7407174014332525,1.320578307091674
156,1.2614541028606443,1.9102183545730147,2.455142028476137,1.735995927708105,1.3160074797101526
157,1.2566278057694547,1.903617820988473,2.453514320339858,1.7316774579502432,1.3111742405378592
158,1.2518738154105646,1.8963250793366553,2.4532032764052247,1.7272420310292567,1.3064344843320173
159,1.246869133821126,1.8897824744852538,2.4515209298598033,1.7219420372130325,1.301712232757124
160,1.2424516925778308,1.8837905915333546,2.4508606465349967,1.7172652568185731,1.2968300694703034
161,1.237695871200789,1.8802580025661935,2.452455919664976,1.7126260788583343,1.291799369675752
162,1.2329282694045254,1.874424225718703,2.457860195112302,1.707363945987809,1.2866727868764127
163,1.2284584943050114,1.8680991579047628,2.4588943147195987,1.7033573691391581,1.282581293314637
164,1.2238104012370046,1.861706210516167,2.4580257420187985,1.69792653752942,1.2778007144811976
165,1.2191681563842616,1.8556265239622627,2.4619785501101674,1.694268405646142,1.2736482817208838
166,1.2149268195719611,1.849928225178023,2.465872463197207,1.68974089363043,1.2684822745550917
167,1.20993627808602,1.8442232591979424,2.4678285679523246,1.6856863988229278,1.2643127343746432
168,1.2056580540449526,1.8383969732165788,2.4691753406378445,1.6820800217502685,1.2598204995203919
169,1.2016693172763986,1.8332452942877326,2.471185288427513,1.677858451309139,1.256110319313124
170,1.1974782035401124,1.8266733319769346,2.472338372150936,1.6733879074721782,1.2517533473197295
171,1.1936951019261692,1.8213690890938221,2.473456382862922,1.6698815267002212,1.247982729257444
172,1.189588100948677,1.8162441604958621,2.4703319749581265,1.6661548919875955,1.2435518086056214
173,1.1858684397145065,1.8105085236044198,2.4709639083980224,1.6614855576671053,1.239448991912574
174,1.1819255686978336,1.8055996340992149,2.4754754146281983,1.6570211473367837,1.2357779512963554
175,1.1778698129710865,1.800431133845339,2.476923491764484,1.6527908611624884,1.231328977244143
176,1.1739836665344558,1.7950866525751201,2.4771885445223183,1.6487046806545858,1.227350748747747
177,1.1701636726183287,1.7900833891701855,2.476742272006116,1.6446588560192619,1.223172735020174
178,1.1669126617787742,1.7847979661708067,2.4747800228472547,1.6414566518638283,1.2194452158371456
179,1.1630194456127987,1.7801149807238865,2.4727283719681172,1.6375868964388687,1.2160105532074477
180,1.1588291742935732,1.7754256651656877,2.4719037848159275,1.6340198811955804,1.2121866515609472
181,1.1548837387115545,1.7711534813451137,2.4682090675536847,1.6307503503993201,1.208140560656404
182,1.1514428425530954,1.766116094790297,2.4670534844051835,1.6269054960097842,1.204714802350563
183,1.1474854124011977,1.760172310817727,2.4647466538555545,1.6226565864353957,1.201065415946164
184,1.1437844025967385,1.7558402181242387,2.4633932345211482,1.6190302412943398,1.197463863830503
185,1.1405392776884473,1.7514420571956621,2.460715681923161,1.6160261676615653,1.1939752649512392
186,1.136785310200625,1.7473727665608925,2.4574033497195624,1.6117048042788829,1.190164078260858
187,1.133266641510526,1.742175102598961,2.4525464406499737,1.608121353979501,1.1869005376846575
188,1.1295301272516345,1.7366031319467,2.4517093035826516,1.6041829865605999,1.1829669193815104
189,1.1261790305415271,1.7314984141077738,2.451602166972799,1.601009670169,1.179554544215302
190,1.1230443187689103,1.7272654604092406,2.4486676641880516,1.5972741145808826,1.1768189834786127
191,1.1198525574453706,1.7224720978314305,2.44482342459227,1.5938856215425676,1.1738616995006774
192,1.1163563936332452,1.7173659662201066,2.441335830894974,1.5907711998189615,1.1705921988624801
193,1.1128964452483139,1.7134606625606321,2.4391798867601455,1.5872463634668312,1.1668670832783923
194,1.109617477025322,1.7085637711763226,2.43386169027708,1.5833626130091658,1.1635168768504078
195,1.1065138130330845,1.7042415671457176,2.4313074625146123,1.5799279122825791,1.1604879116039908
196,1.1033017227377138,1.6994267534457883,2.428135158778428,1.576879594640843,1.157427566827678
197,1.1000357937845053,1.6951417192126774,2.425822549267537,1.573101652463084,1.1546768959295861
198,1.0967811632371414,1.6909687710541919,2.4215584918493387,1.569645692514506,1.151350486415254
199,1.0937139461573462,1.6864293510379496,2.418589629336836,1.5662374130107313,1.1481066024098912
200,1.0907323892242755,1.6823220378942363,2.4147639219613826,1.5628102075683414,1.1452549562051588
201,1.0877742277505436,1.6778904862453705,2.412885636873542,1.5594106016723563,1.1423257367450768
202,1.084906092199223,1.6741491177076595,2.4086939822956475,1.555988888949984,1.1397080428946047
203,1.0820958695995095,1.669724338984139,2.4030869893664892,1.5524266455419715,1.136511055273308
204,1.079090265287364,1.668838213060139,2.4000514355166813,1.5494063603875008,1.1330724942661092
205,1.0764619742349713,1.6656824550602214,2.396180422077786,1.546412496126228,1.130086303259531
206,1.0734835133550427,1.6619188629289312,2.390207445461587,1.5432457964013593,1.1271839482256618
207,1.0705160875687363,1.6576345801433674,2.3835047797226356,1.5401722944034077,1.1242648577428107
208,1.0674017789714891,1.6540828593727768,2.380087131070258,1.5367285726147997,1.1212809352028732
209,1.0646934907406371,1.650417867167302,2.374116868977299,1.5335113282801764,1.118237690410475
210,1.0617865476581798,1.646896662007628,2.3691323593163855,1.5306415070054675,1.1158231156777922
211,1.058891238112218,1.6432777498185394,2.364244422052778,1.5272505237694696,1.1131796275338204
212,1.0560595522115563,1.639753234343205,2.3587377206377513,1.524445440243259,1.1103616123119133
213,1.0534423420398054,1.636191601904543,2.3543695317496303,1.5210432292763867,1.1072749262688482
214,1.0506698291893153,1.6329071719338883,2.3500625415302427,1.5189546063563388,1.104441503878981
215,1.0477973808583645,1.63050026067594,2.3452588272403574,1.5160976838579912,1.1017775131127048
216,1.044782191255579,1.6278372820787999,2.3404271939913777,1.5128588389701423,1.0988554739542733
217,1.0420568137582285,1.6239787012680698,2.335866294511589,1.509640636344866,1.0963721742611388
218,1.039745156761916,1.620875126052533,2.330179390404862,1.5066978598707232,1.0940187261288696
219,1.0370356287795683,1.617624838429047,2.325669847749265,1.503567331137453,1.0915131660357273
220,1.0343694673165624,1.6144482551246906,2.3192330161402444,1.5003821617722823,1.0890049944738938
221,1.0322047603345614,1.6104624450052631,2.316671284323914,1.497696930369622,1.0861384925871524
222,1.029606909032593,1.6076171603665732,2.314052380938512,1.4947164248074016,1.08377169080396
223,1.027043187482386,1.6045996388286363,2.3083892043106653,1.4917232866583352,1.0812540812790812
224,1.0243223603907752,1.6031069083441902,2.3044006103867556,1.488821557755523,1.07862779868837
225,1.0219686069924658,1.600197051691147,2.2994661207833422,1.4861280554814238,1.0760577673275775
226,1.0191458389915167,1.5975566452758778,2.2927666844167103,1.4831516957528508,1.0734461000600313
227,1.0166576375034797,1.5940992670801744,2.2894595906257336,1.4805595159321838,1.0715300581369032
228,1.0141824388682383,1.591060835048056,2.2853204683154544,1.4779527363669027,1.0691942814470223
229,1.0116060145792187,1.5880442330614373,2.2799667552185583,1.474769443617716,1.0671261271430037
230,1.009065729790226,1.585126450612982,2.2761510315462914,1.4719636525374087,1.0645784334988988
231,1.0067655880346458,1.5825918073473462,2.271051156770931,1.4694394821098982,1.0624479357282723
232,1.004210871924495,1.5793994942966985,2.2658437160837748,1.4689053212920107,1.0600445788750736
233,1.002043831400825,1.5789148092826286,2.2605545233613675,1.4665284918803803,1.0574642898185034
234,0.9995658915393093,1.5763580918335163,2.256102920107514,1.4638206599831,1.0553156907090047
235,0.9977026796735203,1.5736655748482686,2.250813908983592,1.4611873590613529,1.0532577351724617
236,0.9953234778858301,1.5707785657988462,2.2461655335317063,1.4582969958466183,1.05130102180221
237,0.9930332368508884,1.5677658831831918,2.2420654842064205,1.455555844852874,1.0490302075217943
238,0.9907090355838879,1.564632027665868,2.237578145052791,1.453164263068113,1.0466559801111688
239,0.9882950917925309,1.5630381341741277,2.232678990849644,1.450750470863842,1.0441877056264581
240,0.986109687815738,1.560392126904388,2.2278870749623576,1.4477907236692267,1.042110853183218
241,0.9842527447876304,1.5576251315144891,2.2254588608546757,1.4451708199925324,1.0397572422224384
242,0.9818922299340533,1.555734382189344,2.2231273946648806,1.4430836368594642,1.0377253564037996
243,0.9796161181033303,1.5533343060569724,2.219373602151449,1.4407185269245457,1.0355454071747021
244,0.9778478462847809,1.55193435736425,2.215664082260426,1.4382339479727164,1.0331481326180314
245,0.9755956978345575,1.5494674868851763,2.2123713756504158,1.4355957378791233,1.0312581264279514
246,0.9734808611537632,1.5466315558855501,2.2088151509910183,1.4332053727446874,1.0289735646925238
247,0.971743757050831,1.5443629459244383,2.206366846220707,1.430537582706613,1.027178072555859
248,0.969441625281808,1.5423521068202395,2.202170273945745,1.4277737745547074,1.0250865930165718
249,0.9678876242961024,1.5408790918765742,2.199267336897791,1.4258359581903213,1.0231823388715777
250,0.9654937478165023,1.539276452458162,2.1957474001919914,1.423722743302209,1.0212987220861967
251,0.9633504971327816,1.5373052594434247,2.193288883152943,1.4213446855183653,1.0193711600805504
252,0.9614405708464562,1.534583352791779,2.1913367877032686,1.4186959811907383,1.0173330151371134
253,0.9595887951028216,1.5324666063549868,2.1895745785478873,1.416725565514727,1.0153136847274091
254,0.9576528343906776,1.5302146769424176,2.1875686577935416,1.414589116568203,1.0132537844879732
255,0.955601366963461,1.5276239953075956,2.1844122924072455,1.4119812303294683,1.0110418958549003
256,0.9541763175447063,1.5250892330757528,2.182332825186827,1.4103018481867158,1.008887042434504
257,0.9522169862684873,1.523934079547342,2.180899783871381,1.4083771993209078,1.006623434451155
258,0.9501628089747133,1.5219620321365532,2.1784122045156877,1.406099810056518,1.0046493906038896
259,0.9482512951825393,1.52003230150681,2.1763506166736413,1.4040161255256738,1.0027755100924594
260,0.9463622839164071,1.5182351279728001,2.1740315932969696,1.401753665807311,1.0007341860699943
261,0.9443663644043943,1.5179508885144872,2.170512148318684,1.4000114122080194,0.9988223047383018
262,0.9423174839460166,1.5164226710918114,2.1677121875939758,1.3978730179561836,0.9970587145645199
263,0.9403865033832168,1.5142583478313782,2.165276663295282,1.395837041115551,0.9955365995875235
264,0.938472296924109,1.5127611428085357,2.161965258765104,1.393745496142104,0.9935226065260394
265,0.9367164809968654,1.511855723019047,2.1601204338257776,1.3917949683430901,0.9918463904866902
266,0.9345167069714784,1.5103575225150347,2.1568563557851728,1.3898961336884266,0.9898854584511472
267,0.9325321254099571,1.5089433997941266,2.156391411963044,1.3877677139285884,0.9879833914230172
268,0.9309020147017625,1.507248359678668,2.1532162509866386,1.3863418848849325,0.985748686622197
269,0.928980747617302,1.505672090752373,2.1509817571523433,1.3841254516293071,0.9840732179357984
270,0.9270295731908609,1.5042986178287248,2.1489997977518493,1.3821007252267112,0.9827032323068815
271,0.9251570826402485,1.5026080702334128,2.146426313093382,1.3801538244676075,0.9808886928828812
272,0.9235090306156676,1.502159130444429,2.1445586726700454,1.3780490856229477,0.9792372210863926
273,0.9218064840636357,1.5005890822585246,2.142043798033465,1.375964274623459,0.9774265384374333
274,0.9201477793493169,1.4990720850777908,2.139702576874765,1.374136440791993,0.9759277817911708
275,0.9183369248935256,1.4978830588569252,2.137447124186787,1.372133634172354,0.9741218812270627
276,0.9166356137750784,1.4964372186077235,2.134754506870797,1.3701205499987528,0.9727262304448396
277,0.9147558087214361,1.4956186618476432,2.1323999150198967,1.3681019316692014,0.970687379877087
278,0.9130379204005926,1.4944262751361392,2.131345484295817,1.3661302861397266,0.968818062836555
279,0.9112340438891585,1.4928389860515225,2.130074249185647,1.3639244055420117,0.967356184337309
280,0.9096433445369368,1.491552977616732,2.127246903053561,1.3620912492527364,0.9656201095647476
281,0.9080502037727304,1.4906069886567261,2.125281918287927,1.360326507501347,0.9636972689290602
282,0.906465955714977,1.4894169386688125,2.124357304604808,1.358184765025588,0.9624571717056204
283,0.9047550428441837,1.4879183455473906,2.1236515968775986,1.3560821458547905,0.9604895063798026
284,0.9029541183773246,1.4867399244675958,2.1207613745274805,1.3539714305375452,0.9586076593577243
285,0.9014647782292905,1.4856538576819442,2.1176561892268233,1.3520159473670474,0.9570237793210212
286,0.9000353522517924,1.4844132342822338,2.115766602663834,1.3501728635760402,0.9551533341028072
287,0.8981945530337414,1.483930818274646,2.1150928984249027,1.3482527271644704,0.9534188175546849
288,0.8965815894614273,1.4822316970832186,2.113668429831835,1.3463756074835302,0.951993043093237
289,0.8949223844674853,1.4812855980539288,2.110987234177335,1.3443139103651074,0.9503710567945363
290,0.8932220971731779,1.4804433658206904,2.1095612347340427,1.3429425593306148,0.9490699950190805
291,0.8918844634923394,1.4792544079737808,2.105995687107794,1.3407228538776865,0.9474151604725524
292,0.8902499125838869,1.47799483771875,2.10398852484951,1.339052606719071,0.9456244180931193
293,0.8889133842188595,1.4771378431756925,2.1027089463142628,1.3374665792659026,0.9439409992313188
294,0.8873603428951102,1.475525912403007,2.101339808275229,1.335285632164799,0.9421671197540951
295,0.8858503824043423,1.4745332819650965,2.099491679474578,1.3334304725316046,0.9413082755190014
296,0.8844449278477762,1.473701398723574,2.098017963364702,1.3317410482542775,0.9394941937566144
297,0.8827788175280833,1.472483480106243,2.096871997276866,1.3293642351268897,0.9380342695621325
298,0.8814563947593859,1.4709462474024981,2.0934485303474655,1.3275369614193526,0.9365037564366382
299,0.8798362720743717,1.4702324555444957,2.0920489616437403,1.3263506407277494,0.9358159328860246
300,0.8781531141074725,1.46890271430227,2.090346789562502,1.324242519441547,0.9340968695444587
301,0.8770823448478031,1.4680120118025863,2.0892156004564724,1.3224170642960773,0.932733012074161
302,0.8755493007784647,1.4668411137427975,2.0874991639207803,1.3206124438979923,0.9311152258411743
303,0.8739167766529801,1.4662244290317223,2.085268572735306,1.318448092277354,0.9296370648596052
304,0.8723771292947604,1.4646172645932698,2.0824234468722564,1.3166502135184899,0.9281289424111366
305,0.8707452991400578,1.464075446693024,2.080483819932733,1.3149248560765843,0.9270349807405454
306,0.8692280328683156,1.4635202707122477,2.0786870795344377,1.3129942088654514,0.9253547484675642
307,0.8676986145002151,1.4628381465416649,2.077151015130589,1.3112440163516448,0.9237047801457181
308,0.8669782022514755,1.4614172014411415,2.075104314775374,1.3096530275553664,0.9221966465184158
309,0.8654681317484323,1.4603887410382221,2.074021894454318,1.3079620085700345,0.9212007742388172
310,0.8641523558643903,1.4590924997715404,2.0726138138459356,1.3060439768429988,0.9195357893868332
311,0.862764982560494,1.4578896521670859,2.071529552724798,1.3040740566943556,0.9180969159676674
312,0.8613781299576901,1.4564412625073084,2.070158393119665,1.3022410652991105,0.9167417317344103
313,0.8600901532488153,1.4547934890430085,2.0687629028695795,1.300749237052298,0.9152997558542169
314,0.8586025018454234,1.4533975372606875,2.0660419728311,1.2989725893790234,0.91381166049404
315,0.8572283953844698,1.4521097567148622,2.064143879691348,1.2969677699171365,0.9124149407903669
316,0.8557956788814891,1.450851956343336,2.062934558948456,1.2955864386677896,0.9113183259294505
317,0.8546024933543751,1.4492006452471415,2.061911451317263,1.293845026140601,0.909753900674582
318,0.8533803156181055,1.448009945345922,2.0600431417528347,1.2928154243705157,0.9083515508956229
319,0.8518285401456039,1.4470091868411075,2.058763002533448,1.2909147070658575,0.9071001980129001
320,0.8505414498264996,1.4458817184663995,2.0573726060345536,1.289363023091725,0.9054412405470997
321,0.8498041278784264,1.444489617453616,2.0555859348703844,1.287812221708978,0.9041548928491089
322,0.8487084627425008,1.4434343647432513,2.0542614137667243,1.2863893033420604,0.903045552765945
323,0.8473430822069817,1.4426075485949137,2.0521746623501227,1.2846891517855197,0.9016444804827223
324,0.8458729596169166,1.4415913341566977,2.0512172193530116,1.283193907470963,0.9001205469812613
325,0.844540046382352,1.440415294025059,2.048847704977241,1.2816885430964475,0.898684335427613
326,0.843222519249949,1.4393204416436525,2.047714427579307,1.2802870157411215,0.8972646217201161
327,0.8420031952147246,1.4389423473631482,2.0461180736631324,1.2788070062014198,0.8957991953824016
328,0.8406299885925756,1.437926098150651,2.044857977117207,1.2774769275265045,0.8952571361646791
329,0.8393971258361601,1.437099802371028,2.044211178591557,1.2759288385633518,0.8938075934333282
330,0.837972657845761,1.4361576559777347,2.043752354519826,1.2742916752447195,0.8923064584389921
331,0.8366014725226157,1.4355990751475638,2.0424296420974493,1.2728279909700755,0.8910269958823608
332,0.8353968387661156,1.4347893889467593,2.039985402879506,1.2713391250233008,0.8895947506608224
333,0.8341619249976218,1.4341899683045307,2.0385023335199195,1.2696535541952427,0.8883514814759036
334,0.8328794587440336,1.4334009423001741,2.0375315842972697,1.268211812740181,0.8869266154874682
335,0.8316743212373905,1.4321374957314035,2.034913262403332,1.2666028430081855,0.8856267319709686
336,0.8304683350112619,1.4308853944707525,2.033830442582123,1.2650764123183171,0.8843987952581053
337,0.8303264464436506,1.4298076616158555,2.032832085674015,1.2636777593328827,0.8833103696841949
338,0.830216536097339,1.4291501689631467,2.0319725260573995,1.2624177695141663,0.8818732719570614
339,0.8301430616247902,1.4280404654174876,2.0310093850164788,1.2607461360937993,0.8804159030997541
340,0.8291089962788131,1.4268824852859492,2.0304804935500185,1.2590539862678451,0.8793592800437536
341,0.828613166055792,1.425523407559842,2.02912398956448,1.2574375712512647,0.8781940169532967
342,0.8272747584553723,1.4246799566902555,2.0272182670868917,1.2558082129557124,0.8770741307562595
343,0.8260499724565807,1.4235604059738607,2.025844603554613,1.2544625317199838,0.8758306932666923
344,0.8250837314268515,1.4225208046490474,2.0236347976241693,1.2525313308194397,0.8746952131191782
345,0.8238504860083801,1.4216559068183763,2.022792447710694,1.251327332954158,0.8732783827280799
346,0.8229081506542102,1.4206521953333264,2.0216358046212775,1.249798921667569,0.8723432079890195
347,0.8217581564020254,1.4191244873521673,2.0208114896269276,1.2482402964046881,0.8711744755718388
348,0.820868636015694,1.4183889189754433,2.0198205545347774,1.2465330173999505,0.8699489356339909
349,0.8198903071804521,1.4175259879115854,2.0185163925263385,1.2451164005481092,0.8687949889133307
350,0.8187840486858506,1.4169151992696507,2.0169045989557945,1.2436657002356368,0.8677696653442882
351,0.8174293617843181,1.4155078795789184,2.0164893256755247,1.242313163815408,0.8665259223235291
352,0.8166078190625167,1.4149834748666987,2.0153535304943198,1.2404984443991398,0.8654628905186401
353,0.8154619491839302,1.4144453736660452,2.01434647806042,1.2388494012854978,0.864262035134498
354,0.8144176977795047,1.414058935060814,2.0133484103689656,1.2371838382690261,0.8629078546521107
355,0.8131527266008045,1.4138313770640216,2.0126192134778256,1.2357358192948555,0.8616778052570617
356,0.8121581815257567,1.4128767954859693,2.011076556910454,1.2341994182586498,0.8607179539667771
357,0.8113761225535079,1.4122458048430457,2.0093153665099868,1.2324410978811047,0.8598317519651566
358,0.8102622721165188,1.4115697296339682,2.007359070432103,1.230897163021044,0.8585950154181478
359,0.8091472221297125,1.4111788719022136,2.0056980616079008,1.2292186082513186,0.8575921592433852
360,0.8081311309276341,1.4100811906073614,2.0048516329496504,1.2275331013016084,0.8564017027814447
361,0.8071022877715285,1.4089833948901744,2.0038537449039984,1.2260727945720766,0.855374832259176
362,0.8059802571099839,1.4080237760995402,2.0022040690896423,1.2245303100816705,0.8545564103685072
363,0.8048233582902596,1.40719916058472,2.0005739370429048,1.2232393094246747,0.8536169433173499
364,0.8037793510051443,1.4064002593723979,1.9991926694357893,1.2216164274996555,0.8523096672861529
365,0.8028409981181882,1.405858587894039,1.9984349880535908,1.2200903977017232,0.8511048519375105
366,0.8019385943008704,1.405364214705551,1.9962871773852822,1.2184589536957606,0.8500277801135124
367,0.8010293279995709,1.4047600049746092,1.9959043253444841,1.216723250671905,0.849002987461411
368,0.8000176129308455,1.4040550815723576,1.9945428042186797,1.21557953951332,0.8480348416431007
369,0.7989835634442068,1.403616740595042,1.9939077236997884,1.2141262756494096,0.8470771967673546
370,0.7979068672086455,1.4032538738972995,1.9933328126729566,1.2129191467412446,0.8460050229367203
371,0.7966971084808787,1.4024568732164044,1.9913440051313123,1.2112750646654062,0.844972577375566
372,0.7957103857528238,1.401304699405545,1.9899404769524647,1.2103393786094885,0.8437856509291259
373,0.7947149650669123,1.4005665637769111,1.9883998813347918,1.2087203042912753,0.8428538139923157
374,0.7937056226405748,1.3998685116863931,1.988419641157832,1.2070903199968959,0.8417494589686652
375,0.7924759802932024,1.3994219596766806,1.9878014146318475,1.2056903514431527,0.84087563471082
376,0.791769651093471,1.3982562914142462,1.986714553138606,1.2042932084061007,0.8398737982543438
377,0.7910165960955116,1.3978748296038972,1.9859396107374838,1.202998500620304,0.838700631506643
378,0.7899353496453139,1.397288164815689,1.984944690541453,1.2016693540006427,0.8378359522936842
379,0.7889180979006343,1.3968211682745604,1.9840455928480276,1.2001769030240514,0.8372882879060969
380,0.7877844127144629,1.3964422272771266,1.9819566262097676,1.1993400949182975,0.8360687316604715
381,0.7868528498621619,1.3955927632504403,1.9810216535358605,1.1977623866999132,0.8350515847948492
382,0.7860643543344986,1.3946051825330052,1.9804035788885435,1.196501698148498,0.8343312820306141
383,0.7850121626549624,1.3937592224856024,1.9789180586301705,1.1951903480288903,0.8332623449819148
384,0.7841026182413331,1.3926594460582393,1.9783414270547472,1.1939338730925553,0.8323051172847621
385,0.7833690850228521,1.3921106342505014,1.9780550770625789,1.1922774338025284,0.8312058422145329
386,0.7824305265650037,1.391261828650612,1.9762871178425006,1.191260914324767,0.8301122650505044
387,0.7814286539021055,1.3904683746351993,1.9749512873859325,1.1897448868254932,0.828982996000618
388,0.7803391350520394,1.3897086763329078,1.973751738069076,1.1882104821738508,0.8281251928113661
389,0.7795113116439425,1.3883698928436925,1.9717327728047727,1.186916923644837,0.8275778022935212
390,0.7785507051274175,1.3879404787028642,1.9701503130815623,1.1856202117226537,0.8265215929950352
391,0.7776223836824365,1.3873594714218083,1.9692569475332689,1.184169795493532,0.825644278184645
392,0.7768663713490828,1.3864894864212587,1.9685328069172068,1.182721860860864,0.8244896071272056
393,0.7759065184224393,1.3855304788133787,1.967194968179753,1.1814638104678201,0.8239526691448086
394,0.7750541297496992,1.3846270123195445,1.9672306443694467,1.1801154231826378,0.8228736445929755
395,0.7739144947427608,1.3838957330478876,1.9665053379034427,1.1786938454100468,0.8219639314216455
396,0.7731199439674113,1.3832924000391276,1.965651115661729,1.1774088653055645,0.8209607876733621
397,0.7723667342040295,1.382941216429964,1.96477527500794,1.1762134441235979,0.8201124068981854
398,0.7715573072528963,1.382096755290106,1.9644045962465435,1.1745555742547733,0.8195734393310404
399,0.7706215836994859,1.3814277802126724,1.9636223089341254,1.1730451688012387,0.8186878518909527
400,0.7696737993780003,1.3807267376327619,1.9617520214289028,1.1717876659288684,0.817877671214663
401,0.7687882654371005,1.3803658769708849,1.9612228824429137,1.170566120157364,0.8168912499067902
402,0.7679254343345273,1.3801227432002592,1.9602822673870035,1.1691867936523688,0.816048554608996
403,0.76708543075707,1.379363013900248,1.9598853128585774,1.1680888280855568,0.8151991873796988
404,0.7660198167373077,1.3781411023011978,1.9582085282748596,1.1666325504176323,0.8141900638138831
405,0.7651880790304345,1.3772997701385499,1.9579211930393898,1.1653105375459507,0.8136096811356994
406,0.7642698484788039,1.3767772231072375,1.9565310119263044,1.1640323520879472,0.81262878031366
407,0.7635108334975639,1.3758686474933053,1.9548494266908434,1.1625424204667094,0.8120891784673222
408,0.7627015123229149,1.375729215857858,1.9533369593848957,1.1612396039805877,0.8111435656867849
409,0.7616684197036293,1.375345379560034,1.952272089041169,1.1598867527269865,0.8101818401810598
410,0.7607904734450003,1.3748957003087239,1.9514751221377877,1.1585617576024958,0.8091214175216679
411,0.7599739611605419,1.3737422198445874,1.9504200287673845,1.1570962942174403,0.8084970220349758
412,0.7592577931388877,1.3731537666970755,1.9497814691610975,1.1557045271254118,0.8075554847328417
413,0.7583002936275399,1.3728337080088218,1.948945255231163,1.1543272612504114,0.8067971990281564
414,0.7573564756789508,1.3721359985288206,1.9482288012467905,1.1533300296688842,0.805839141534618
415,0.7565068451851983,1.3717338957665384,1.9471095774159455,1.1520038299978563,0.8052844854951895
416,0.755610805987198,1.3711915479458014,1.946144951505462,1.1507196736651033,0.8043487375258057
417,0.7546125660729457,1.3710579965387628,1.9449402321838223,1.149482443157986,0.8035340885115476
418,0.7537710453886305,1.3705840187146514,1.9439699541880497,1.1482396363376743,0.8026841795660205
419,0.7532197684628873,1.370494713177351,1.9434574110257727,1.1471095844770236,0.8021305933905568
420,0.7526288661384511,1.369919215739994,1.9426509094295594,1.145850435821248,0.8012673128471443
421,0.7517210895093164,1.3698348940619927,1.9418601340395512,1.1448849098819385,0.8004194089266918
422,0.750884969398649,1.3692787101148585,1.9411009606506948,1.143659190310269,0.7994409351145922
423,0.750135411173038,1.368576750155217,1.9404074657217854,1.14218271864489,0.7985923159727633
424,0.7491403670263406,1.3677115964241486,1.9389222474959116,1.141123353200887,0.7979842840712595
425,0.7482620568161414,1.367375540075052,1.9379104004575565,1.13991577234919,0.7968991881126016
426,0.7474413223683204,1.3664916833224277,1.9368553959299297,1.138656046517634,0.796273484574839
427,0.7467244239592202,1.3663991933149533,1.9361510551485785,1.1375619856352015,0.7955806798083427
428,0.745784402313263,1.365477257165509,1.9341754923455885,1.1361956661603256,0.7948358052237765
429,0.744934801487805,1.3651531770627985,1.9334563469002046,1.1350408974809705,0.7939593077444054
430,0.7442862108627809,1.364519325605826,1.9326596437027028,1.1337798505373682,0.7933428910271764
431,0.7434669439589446,1.3638895272182354,1.9313801838744074,1.1326264852518815,0.7923726801245875
432,0.7426975278894974,1.3629139255046687,1.9306708890786604,1.131188270721349,0.7916028523190656
433,0.7418812183552224,1.3624391375044036,1.9299658073728492,1.130139966725303,0.7908523782488559
434,0.7409995130221823,1.3618922417839503,1.9292678382052362,1.1288483612800166,0.7903712727617029
435,0.7401305683833204,1.3613435358494577,1.9278014534966126,1.1276977619004516,0.7894610180400186
436,0.7392177930260401,1.3610279132629217,1.9267973569147225,1.1264951235536529,0.7885230587750597
437,0.7384954538458297,1.3603066404763184,1.92634905113063,1.125239892577941,0.7878082407100301
438,0.7375910002696282,1.3601944730073243,1.9259395612566885,1.1239129788694753,0.7868724582871649
439,0.7366459993906942,1.3591964137881112,1.9248200564629712,1.122775039440447,0.7865162908137562
440,0.7358715229508409,1.3583792339068148,1.924296787991953,1.1215820839235497,0.7857446680919348
441,0.7351698348596714,1.3578876748305744,1.922321873561936,1.120424054079803,0.7849750604164458
442,0.7343444996748179,1.357161847479748,1.9215045760015224,1.1192453875590314,0.7841200580593641
443,0.7334700177655827,1.3569538513463888,1.9213590645354532,1.1180561511241545,0.7832834194235296
444,0.7327352201165919,1.3565721445843735,1.9200304066235876,1.1170444347982122,0.7824388766201441
445,0.7319857417129766,1.356131140558233,1.9188915951924466,1.1161051805508564,0.7817112752197887
446,0.7311726728548943,1.3557849635379744,1.9186138669588235,1.1148387273271223,0.7808960841823633
447,0.7302570293088089,1.3551899371153258,1.9168316183403882,1.113529787617515,0.780044087518148
448,0.7296146295746989,1.3544924847966198,1.9160001523545145,1.1122988578256803,0.7794493117386927
449,0.7287452395497429,1.3537041147813893,1.9145567000909591,1.1111343816973287,0.7786810474179555
450,0.7279874572360062,1.3530148170176308,1.913040318600623,1.110125921929571,0.7778583803158311
451,0.7270543136484766,1.352624760501881,1.9124717296809646,1.1089123320699508,0.7771953304960941
452,0.7263336734244801,1.3521490083815146,1.9119311700291874,1.1076552110487194,0.7767286220023716
453,0.7255695413059963,1.351427317463066,1.9110500552793825,1.1065154387271843,0.7758764617181474
454,0.7250487104017035,1.350968450485614,1.9100344497580364,1.1053004569975193,0.7749230020544497
455,0.7242527246139471,1.3499417926967474,1.9093156563934,1.1041913668380536,0.7742564513092498
456,0.7236180032568672,1.3495783062304259,1.9078762219374192,1.103061545728708,0.7734348168845576
457,0.7228007866108848,1.3488591452659757,1.907285108856535,1.1018474604730997,0.7728293248725568
458,0.722042106652128,1.3484143528979424,1.906438620490196,1.1008200083983457,0.7720948973889231
459,0.7212787915213039,1.3478395211517091,1.906105042337864,1.0996707002037387,0.7713882126058461
460,0.7204660114002008,1.347430356663324,1.9055030839426095,1.0988561780029704,0.7705796081937467
461,0.719718464524711,1.346981320652983,1.9044114075383096,1.0975667808675884,0.7700849851746667
462,0.7189886236130836,1.3463336574616933,1.9033942243756792,1.0966093027974015,0.7692554925234768
463,0.7181832288694034,1.3459182700004488,1.9027005017260366,1.09543717414972,0.7687547512336526
464,0.7173863849730636,1.3454674492324032,1.901987655453285,1.0944225679054338,0.7679778415991276
465,0.716706622848954,1.3449364323679462,1.9010060054760403,1.0934529016556584,0.767123294052261
466,0.7159453387294755,1.3446436457524615,1.8992431778571088,1.0924484785547919,0.7664138187547086
467,0.7151964326625286,1.3440458041485248,1.8985471443376707,1.0914350107802806,0.7656382481012116
468,0.7144087914198363,1.3436005158297848,1.8974314557025815,1.0904101388268281,0.7650247595380226
469,0.7137525445595782,1.343012981528904,1.8965914826369044,1.0892408912538099,0.7645564752273194
470,0.7130116565835349,1.342541857342891,1.89611865450768,1.088361107640733,0.7637791992000074
471,0.7121980175383681,1.341834159460111,1.8959156732890425,1.087198457653007,0.7631290923066057
472,0.7115891110667844,1.3415762924316113,1.8957622011071358,1.0860996601794226,0.7623340308199388
473,0.7109477349481637,1.3409450456685943,1.8949048603627163,1.0851874167645719,0.7617819672764741
474,0.7102586295424639,1.3404998067916494,1.8944367959588841,1.084207352966493,0.761103150434991
475,0.7097388732871909,1.3399434192296193,1.8938526579711925,1.0832284648277604,0.760288943089971
476,0.7090461848203452,1.3398001977044522,1.8928847129108033,1.0821735653698814,0.7595305124841787
477,0.7082735214237244,1.339777504783982,1.8920364548196877,1.0812862026540744,0.7587562655164635
478,0.7075985369620459,1.3390399574211584,1.891592877118993,1.080278604636765,0.758037979645869
479,0.7069038575411526,1.3386435152929426,1.8907872546264384,1.0792314561640133,0.7574525445609158
480,0.7061694167077135,1.3378272901096928,1.8898874062102633,1.0782558408809317,0.7565994626865076
481,0.7058463908227355,1.33758942780805,1.889326579261796,1.0774905474032277,0.755810802176401
482,0.7050760087797665,1.3366719599063397,1.8883937595456852,1.076336714816841,0.7550567825274112
483,0.7044617825405068,1.3362618980267076,1.8871500550304363,1.0753509102066892,0.7544473547899209
484,0.7037224322211342,1.3355923098862446,1.8866341278500747,1.074297043573686,0.7537526323233131
485,0.703039657262891,1.3350787636114232,1.8856876612411542,1.0732390826598979,0.7530737400244361
486,0.7023473437590529,1.334547806624006,1.8836305565969502,1.0722838363772056,0.7523276619666242
487,0.7015923694069381,1.334314012388938,1.8831960055420456,1.071188300264034,0.7520006890334877
488,0.7008925927896043,1.333741666829119,1.8820220540766388,1.070068807971088,0.7513003702181633
489,0.7003344471787945,1.3333218543219798,1.8808930960139911,1.0690802496605947,0.7507321727228125
490,0.6995425978373737,1.332825877996564,1.8809595874630214,1.0679753978046276,0.7499301938289922
491,0.6989533171867038,1.332096870978453,1.8801338263526766,1.0669830945927956,0.7491898185908968
492,0.6982042690915969,1.332061110793974,1.879364664866354,1.06628119877003,0.7485878666489363
493,0.6976241924322573,1.331605559938337,1.8791744972536366,1.0651709530174103,0.7480867270691505
494,0.6968853677053706,1.3310776647613527,1.8785824061956373,1.0640915478312636,0.7474053228768117
495,0.6962708127122232,1.3309926446780194,1.8780175667028478,1.0630673020118295,0.7469196829753469
496,0.6956589422541621,1.3304426102174853,1.8767098581232238,1.0620947459100751,0.74614837249014
497,0.6951218956608203,1.3297748125074782,1.8754002248170203,1.061089013189777,0.7457381997559109
498,0.6946001706522833,1.3293885317985732,1.8752671778545567,1.0600643866564217,0.7450895072691802
499,0.6940010399571811,1.3289537248346255,1.874163916870729,1.059144374277139,0.744392382635391
